epanet_id,epanet_lat,epanet_lon,truth_lat,truth_lon,truth_name,truth_deveui,mid_lat,mid_lon
Junction_3629,42.40251277925691,13.041827662948652,42.402248,13.041668,AX_06550015,8C83FC050063F1FF,42.402380389628455,13.041747831474325
Junction_304,42.40244700444529,13.042055666892042,42.402465,13.042071,AX_06557827,8C83FC0500641083,42.40245600222265,13.04206333344602
Junction_2981,42.402314703025,13.045052457367634,42.402473,13.044934,AX_06549985,8C83FC050063F1E1,42.4023938515125,13.044993228683817
Junction_75,42.40306493090641,13.040480898598348,42.402997,13.040576,AX_06550006,8C83FC050063F1F6,42.403030965453205,13.040528449299174
Junction_3111,42.403112623446006,13.045611031803157,42.403053,13.045648,AX_05964348,8C83FC05005B023C,42.403082811723,13.045629515901577
Junction_334,42.40306299995074,13.045528000074793,42.403078,13.045498,AX_06549984,8C83FC050063F1E0,42.40307049997537,13.045513000037396
Junction_2997,42.4031101347149,13.04569241450102,42.403093,13.045678,AX_05959949,8C83FC05005AF10D,42.40310156735745,13.04568520725051
Junction_355,42.40313297145255,13.045642787191516,42.40327,13.045615,AX_05964356,8C83FC05005B0244,42.40320148572627,13.045628893595758
Junction_141,42.400477193040594,13.04410012209605,42.400255,13.044292,AX_07365166,8C83FC050070622E,42.4003660965203,13.044196061048027
Junction_2914,42.40105171940486,13.041377382641121,42.401063,13.041468,AX_06550009,8C83FC050063F1F9,42.401057359702435,13.04142269132056
Junction_112,42.398809155003384,13.042297689839346,42.398159,13.042355,AX_06550140,8C83FC050063F27C,42.39848407750169,13.042326344919672
Junction_2909,42.398988564663384,13.042779057850815,42.398938,13.042677,AX_05959978,8C83FC05005AF12A,42.39896328233169,13.042728028925406
Junction_2908,42.398850610790625,13.042409593625129,42.398117,13.042715,AX_06549975,8C83FC050063F1D7,42.398483805395315,13.042562296812564
Junction_2908,42.398850610790625,13.042409593625129,42.398117,13.042715,AX_06549995,8C83FC050063F1EB,42.398483805395315,13.042562296812564
Junction_159,42.399979420214464,13.042757862304384,42.400128,13.042726,AX_06755657,8C83FC0500671549,42.40005371010723,13.042741931152193
Junction_2572,42.39348922602737,13.031263388055038,42.393098,13.031193,AX_05959987,8C83FC05005AF133,42.39329361301368,13.03122819402752
Junction_2572,42.39348922602737,13.031263388055038,42.393098,13.031193,AX_06746402,8C83FC050066F122,42.39329361301368,13.03122819402752
Junction_2572,42.39348922602737,13.031263388055038,42.393098,13.031193,AX_05959997,8C83FC05005AF13D,42.39329361301368,13.03122819402752
Junction_2562,42.39352137130633,13.031078875553337,42.39342,13.031032,AX_06746286,8C83FC050066F0AE,42.39347068565316,13.031055437776669
Junction_2584,42.39346256960153,13.031561417919274,42.393129,13.031561,AX_05959954,8C83FC05005AF112,42.39329578480077,13.031561208959637
Junction_638,42.393513391142335,13.030784573376573,42.393538,13.030776,AX_05964350,8C83FC05005B023E,42.39352569557117,13.030780286688287
Junction_2567,42.39368178695961,13.03084907056939,42.393665,13.030809,AX_06561738,8C83FC0500641FCA,42.3936733934798,13.030829035284695
Junction_2567,42.39368178695961,13.03084907056939,42.393675,13.030816,AX_05959945,8C83FC05005AF109,42.3936783934798,13.030832535284695
Junction_2567,42.39368178695961,13.03084907056939,42.393688,13.03084,AX_06549971,8C83FC050063F1D3,42.3936848934798,13.030844535284695
Junction_2567,42.39368178695961,13.03084907056939,42.393652,13.030846,AX_05964347,8C83FC05005B023B,42.3936668934798,13.030847535284696
Junction_630,42.39369331343074,13.030903448794282,42.393735,13.030926,AX_05964394,8C83FC05005B026A,42.39371415671537,13.03091472439714
Junction_2563,42.3935830959675,13.031011490888442,42.393657,13.031044,AX_06760249,8C83FC0500672739,42.393620047983745,13.03102774544422
Junction_3259,42.393641852182576,13.031182272739567,42.393625,13.031203,AX_05964396,8C83FC05005B026C,42.393633426091284,13.031192636369784
Junction_2583,42.39355782250543,13.031498848385231,42.393547,13.031514,AX_06560387,8C83FC0500641A83,42.39355241125271,13.031506424192616
Junction_3253,42.393521915941655,13.031679299166603,42.393514,13.031711,AX_06557987,8C83FC0500641123,42.39351795797083,13.031695149583301
Junction_587,42.393583183744916,13.032006475193132,42.393622,13.031913,AX_06233173,8C83FC05005F1C55,42.39360259187246,13.031959737596566
Junction_588,42.393629708245165,13.032032649798797,42.393661,13.031931,AX_06233150,8C83FC05005F1C3E,42.39364535412258,13.031981824899399
Junction_2755,42.39348028933997,13.03197744886902,42.393381,13.031969,AX_06549967,8C83FC050063F1CF,42.393430644669984,13.031973224434509
Junction_3677,42.39412223332577,13.03124714513575,42.394209,13.031291,AX_06549966,8C83FC050063F1CE,42.39416561666288,13.031269072567873
Junction_3676,42.39391376037766,13.031384974310598,42.393906,13.031416,AX_06233196,8C83FC05005F1C6C,42.39390988018883,13.031400487155299
Junction_3676,42.39391376037766,13.031384974310598,42.393963,13.031553,AX_06550028,8C83FC050063F20C,42.39393838018883,13.0314689871553
Junction_3677,42.39412223332577,13.03124714513575,42.394195,13.031288,AX_06233165,8C83FC05005F1C4D,42.394158616662885,13.031267572567874
Junction_635,42.39386095626125,13.03092333785658,42.393921,13.031063,AX_05959944,8C83FC05005AF108,42.39389097813063,13.03099316892829
Junction_3676,42.39391376037766,13.031384974310598,42.393963,13.031553,AX_06550024,8C83FC050063F208,42.39393838018883,13.0314689871553
Junction_3677,42.39412223332577,13.03124714513575,42.394005,13.031193,AX_05964373,8C83FC05005B0255,42.39406361666288,13.031220072567875
Junction_614,42.39347324264512,13.032240282524757,42.393436,13.032177,AX_06233170,8C83FC05005F1C52,42.39345462132256,13.032208641262379
Junction_614,42.39347324264512,13.032240282524757,42.393428,13.032188,AX_06231170,8C83FC05005F1482,42.39345062132256,13.03221414126238
Junction_614,42.39347324264512,13.032240282524757,42.393428,13.032197,AX_06232805,8C83FC05005F1AE5,42.39345062132256,13.032218641262379
Junction_614,42.39347324264512,13.032240282524757,42.393396,13.032238,AX_06232784,8C83FC05005F1AD0,42.39343462132256,13.032239141262378
Junction_2590,42.393473627134384,13.03224896979696,42.393467,13.032255,AX_06233166,8C83FC05005F1C4E,42.39347031356719,13.03225198489848
Junction_594,42.39355625473937,13.032295358302282,42.393589,13.032286,AX_06549968,8C83FC050063F1D0,42.393572627369686,13.03229067915114
Junction_2591,42.39344046871813,13.032319813751966,42.393427,13.032324,AX_06233160,8C83FC05005F1C48,42.393433734359064,13.032321906875982
Junction_2955,42.40192917295178,13.031989783871476,42.401958,13.032033,AX_06746476,8C83FC050066F16C,42.401943586475895,13.032011391935738
Junction_198,42.402721701355034,13.031961278406884,42.402721,13.031997,AX_06549974,8C83FC050063F1D6,42.40272135067752,13.031979139203443
Junction_3600,42.40272463400474,13.031870622714745,42.402784,13.031687,AX_06550113,8C83FC050063F261,42.40275431700237,13.031778811357373
Junction_3599,42.40306807414826,13.03164594256197,42.403075,13.031531,AX_06549993,8C83FC050063F1E9,42.403071537074126,13.031588471280985
Junction_182,42.403567048978104,13.031241080821294,42.403518,13.031257,AX_06550005,8C83FC050063F1F5,42.403542524489055,13.031249040410646
Junction_3603,42.4022748585287,13.032491618191196,42.402262,13.032468,AX_06550271,8C83FC050063F2FF,42.40226842926435,13.032479809095598
Junction_57,42.403260498981666,13.032612166676271,42.403292,13.032607,AX_06746474,8C83FC050066F16A,42.40327624949083,13.032609583338136
Junction_3597,42.403686393571,13.031084000029304,42.404003,13.031213,AX_06550027,8C83FC050063F20B,42.4038446967855,13.031148500014652
Junction_2963,42.401661118158046,13.031053178151568,42.400539,13.03092,AX_06550253,8C83FC050063F2ED,42.40110005907903,13.030986589075784
Junction_2967,42.40170786043623,13.030917387736967,42.401505,13.030716,AX_06550000,8C83FC050063F1F0,42.401606430218116,13.030816693868484
Junction_2961,42.4017417034875,13.03138829222702,42.40165,13.031311,AX_06550280,8C83FC050063F308,42.40169585174375,13.03134964611351
Junction_211,42.40169071565307,13.03106065563727,42.401704,13.031083,AX_06549973,8C83FC050063F1D5,42.401697357826535,13.031071827818636
Junction_2965,42.401699425539974,13.030956984763653,42.401706,13.030973,AX_06550117,8C83FC050063F265,42.40170271276999,13.030964992381826
Junction_2970,42.40182979485899,13.030855645384918,42.401821,13.030901,AX_06550252,8C83FC050063F2EC,42.40182539742949,13.030878322692459
Junction_3607,42.397561766747955,13.034943076029283,42.395196,13.036594,AX_06550131,8C83FC050063F273,42.39637888337398,13.03576853801464
Junction_604,42.3934240664946,13.032988519818232,42.394799,13.034794,AX_05964353,8C83FC05005B0241,42.3941115332473,13.033891259909115
Junction_144,42.400353365691004,13.040762841830874,42.399505,13.038806,AX_06557793,8C83FC0500641061,42.3999291828455,13.039784420915437
Junction_604,42.3934240664946,13.032988519818232,42.394621,13.033714,AX_06745402,8C83FC050066ED3A,42.3940225332473,13.033351259909116
Junction_603,42.39340580574343,13.032978776888953,42.393396,13.032999,AX_06233159,8C83FC05005F1C47,42.39340090287172,13.032988888444477
Junction_600,42.39346432668906,13.03274178642435,42.393463,13.032723,AX_06745419,8C83FC050066ED4B,42.393463663344534,13.032732393212175
Junction_2957,42.40203817736849,13.032265185850648,42.401947,13.032326,AX_06745791,8C83FC050066EEBF,42.401992588684244,13.032295592925323
Junction_596,42.39353997705316,13.032400618582807,42.393634,13.032364,AX_06232777,8C83FC05005F1AC9,42.39358698852658,13.032382309291403
Junction_2591,42.39344046871813,13.032319813751966,42.393432,13.032333,AX_06233163,8C83FC05005F1C4B,42.393436234359065,13.032326406875983
Junction_603,42.39340580574343,13.032978776888953,42.39337,13.032945,AX_07365112,8C83FC05007061F8,42.39338790287171,13.032961888444476
Junction_1045,42.39651741722489,13.025417886446244,42.39642,13.025373,AX_05964367,8C83FC05005B024F,42.396468708612446,13.025395443223122
Junction_3589,42.407950531057956,13.02599539685655,42.408231,13.025586,AX_06550118,8C83FC050063F266,42.40809076552898,13.025790698428274
Junction_19,42.409781933023,13.025106851910026,42.409738,13.025479,AX_05959169,8C83FC05005AEE01,42.4097599665115,13.025292925955014
Junction_3589,42.407950531057956,13.02599539685655,42.407297,13.024383,AX_06550257,8C83FC050063F2F1,42.40762376552898,13.025189198428276
Junction_2082,42.396149678553634,13.024384810762275,42.396559,13.024295,AX_05964319,8C83FC05005B021F,42.39635433927682,13.024339905381137
Junction_3400,42.39879081873824,13.02237783850509,42.398799,13.022382,AX_06746444,8C83FC050066F14C,42.398794909369116,13.022379919252545
Junction_2684,42.39970522309726,13.02226664281925,42.399743,13.022272,AX_06746443,8C83FC050066F14B,42.39972411154863,13.022269321409624
Junction_196,42.40128391677528,13.024225541606148,42.401255,13.024206,AX_05959758,8C83FC05005AF04E,42.40126945838764,13.024215770803075
Junction_2624,42.3994677016783,13.02236067891303,42.399467,13.022362,AX_06746473,8C83FC050066F169,42.399467350839146,13.022361339456515
Junction_196,42.40128391677528,13.024225541606148,42.401397,13.024188,AX_06756121,8C83FC0500671719,42.40134045838764,13.024206770803074
Junction_196,42.40128391677528,13.024225541606148,42.40128,13.024252,AX_05959175,8C83FC05005AEE07,42.40128195838764,13.024238770803073
Junction_1068,42.40032884213861,13.01970125707599,42.400398,13.019717,AX_06746442,8C83FC050066F14A,42.40036342106931,13.019709128537995
Junction_1054,42.39637689160941,13.023043891710422,42.396323,13.023062,AX_06746477,8C83FC050066F16D,42.3963499458047,13.023052945855211
Junction_730,42.394353983174135,13.025561320281069,42.394388,13.025549,AX_06746424,8C83FC050066F138,42.39437099158707,13.025555160140534
Junction_2149,42.394489638650775,13.025382779282639,42.394477,13.02537,AX_06746425,8C83FC050066F139,42.39448331932539,13.02537638964132
Junction_735,42.39452152451373,13.025353866820668,42.394561,13.025371,AX_06746431,8C83FC050066F13F,42.394541262256865,13.025362433410333
Junction_2492,42.394859740088926,13.025038415108162,42.394841,13.025165,AX_06746407,8C83FC050066F127,42.394850370044466,13.02510170755408
Junction_930,42.39533899138255,13.025073960070277,42.395312,13.025204,AX_06557801,8C83FC0500641069,42.395325495691274,13.025138980035138
Junction_1049,42.396177621736356,13.025136867995991,42.39603,13.025188,AX_05964321,8C83FC05005B0221,42.39610381086818,13.025162433997995
Junction_941,42.39613247737083,13.02546719827883,42.396079,13.025449,AX_05964376,8C83FC05005B0258,42.396105738685414,13.025458099139415
Junction_944,42.396246392866296,13.02538175981831,42.39632,13.025332,AX_05964326,8C83FC05005B0226,42.396283196433146,13.025356879909156
Junction_1037,42.39539745134398,13.022617691539098,42.395367,13.022574,AX_06746472,8C83FC050066F168,42.395382225671995,13.02259584576955
Junction_2442,42.39570716658415,13.022442521553257,42.395697,13.02239,AX_06746428,8C83FC050066F13C,42.39570208329208,13.022416260776629
Junction_1038,42.39572136179187,13.022453900795513,42.395698,13.022503,AX_05959991,8C83FC05005AF137,42.39570968089593,13.022478450397756
Junction_2442,42.39570716658415,13.022442521553257,42.395563,13.022355,AX_05959986,8C83FC05005AF132,42.39563508329208,13.022398760776628
Junction_2769,42.39435541378925,13.022254968885669,42.394357,13.022272,AX_06746304,8C83FC050066F0C0,42.39435620689463,13.022263484442835
Junction_2440,42.3942897292258,13.022512964235444,42.394356,13.022482,AX_06561746,8C83FC0500641FD2,42.3943228646129,13.022497482117721
Junction_2420,42.39444561612319,13.022833276067793,42.394478,13.022872,AX_05964391,8C83FC05005B0267,42.39446180806159,13.022852638033896
Junction_1027,42.394600180208506,13.023853143453481,42.394572,13.023722,AX_05964635,8C83FC05005B035B,42.394586090104255,13.02378757172674
Junction_1027,42.394600180208506,13.023853143453481,42.394602,13.02359,AX_06550039,8C83FC050063F217,42.39460109010425,13.02372157172674
Junction_1027,42.394600180208506,13.023853143453481,42.394644,13.023815,AX_06550023,8C83FC050063F207,42.39462209010425,13.023834071726741
Junction_2248,42.39484868756285,13.023909934387403,42.394884,13.023821,AX_05959642,8C83FC05005AEFDA,42.39486634378142,13.023865467193701
Junction_2493,42.39436273838033,13.025195278324375,42.394336,13.025083,AX_06746422,8C83FC050066F136,42.39434936919017,13.025139139162189
Junction_485,42.394148655505305,13.023184019850566,42.394113,13.023249,AX_06756912,8C83FC0500671A30,42.39413082775265,13.023216509925284
Junction_2491,42.39466890125595,13.025128014057621,42.394524,13.025111,AX_06746430,8C83FC050066F13E,42.39459645062797,13.025119507028812
Junction_2468,42.396082659683096,13.024755889001275,42.396083,13.024749,AX_05964372,8C83FC05005B0254,42.396082829841546,13.024752444500638
Junction_2544,42.393167370112224,13.030547950289805,42.392837,13.030833,AX_05964322,8C83FC05005B0222,42.39300218505611,13.030690475144901
Junction_2544,42.393167370112224,13.030547950289805,42.392837,13.030833,AX_05964716,8C83FC05005B03AC,42.39300218505611,13.030690475144901
Junction_2544,42.393167370112224,13.030547950289805,42.392837,13.030833,AX_06550279,8C83FC050063F307,42.39300218505611,13.030690475144901
Junction_2544,42.393167370112224,13.030547950289805,42.392837,13.030833,AX_06557828,8C83FC0500641084,42.39300218505611,13.030690475144901
Junction_2544,42.393167370112224,13.030547950289805,42.392837,13.030833,AX_07365181,8C83FC050070623D,42.39300218505611,13.030690475144901
Junction_2544,42.393167370112224,13.030547950289805,42.392837,13.030833,AX_06561807,8C83FC050064200F,42.39300218505611,13.030690475144901
Junction_2544,42.393167370112224,13.030547950289805,42.392837,13.030833,AX_06233169,8C83FC05005F1C51,42.39300218505611,13.030690475144901
Junction_2544,42.393167370112224,13.030547950289805,42.392837,13.030833,AX_05964324,8C83FC05005B0224,42.39300218505611,13.030690475144901
Junction_2544,42.393167370112224,13.030547950289805,42.392837,13.030833,AX_05964318,8C83FC05005B021E,42.39300218505611,13.030690475144901
Junction_2544,42.393167370112224,13.030547950289805,42.392837,13.030833,AX_06745787,8C83FC050066EEBB,42.39300218505611,13.030690475144901
Junction_2544,42.393167370112224,13.030547950289805,42.392837,13.030833,AX_06549980,8C83FC050063F1DC,42.39300218505611,13.030690475144901
Junction_2544,42.393167370112224,13.030547950289805,42.393139,13.030833,AX_05964323,8C83FC05005B0223,42.39315318505611,13.030690475144901
Junction_2544,42.393167370112224,13.030547950289805,42.392837,13.030833,AX_06550032,8C83FC050063F210,42.39300218505611,13.030690475144901
Junction_2544,42.393167370112224,13.030547950289805,42.392837,13.030833,AX_05964325,8C83FC05005B0225,42.39300218505611,13.030690475144901
Junction_2544,42.393167370112224,13.030547950289805,42.392837,13.030833,AX_07365177,8C83FC0500706239,42.39300218505611,13.030690475144901
Junction_2544,42.393167370112224,13.030547950289805,42.392837,13.030833,AX_07365246,8C83FC050070627E,42.39300218505611,13.030690475144901
Junction_2544,42.393167370112224,13.030547950289805,42.392837,13.030833,AX_06549999,8C83FC050063F1EF,42.39300218505611,13.030690475144901
Junction_2552,42.3934050726571,13.030682030887293,42.393382,13.030707,AX_06759811,8C83FC0500672583,42.39339353632855,13.030694515443646
Junction_2555,42.393435824622884,13.03072360156438,42.393415,13.030754,AX_06761849,8C83FC0500672D79,42.393425412311444,13.03073880078219
Junction_803,42.393371406665395,13.030304676965773,42.393421,13.030379,AX_07364680,8C83FC0500706048,42.3933962033327,13.030341838482887
Junction_2596,42.39355618697133,13.030433918352221,42.393564,13.030394,AX_06745962,8C83FC050066EF6A,42.39356009348566,13.03041395917611
Junction_2546,42.39334809306978,13.03051269687918,42.393365,13.030445,AX_06550004,8C83FC050063F1F4,42.39335654653489,13.03047884843959
Junction_669,42.39352917363422,13.030466880279398,42.393541,13.03046,AX_06745964,8C83FC050066EF6C,42.39353508681711,13.030463440139698
Junction_2551,42.3933850509595,13.030664633325852,42.393377,13.030656,AX_06757075,8C83FC0500671AD3,42.393381025479755,13.030660316662926
Junction_2604,42.39357580040316,13.030661075252988,42.393583,13.030662,AX_06745398,8C83FC050066ED36,42.39357940020158,13.030661537626493
Junction_2552,42.3934050726571,13.030682030887293,42.393386,13.030692,AX_06760033,8C83FC0500672661,42.393395536328555,13.030687015443647
Junction_637,42.393789209859044,13.030693263617197,42.393747,13.030689,AX_06745399,8C83FC050066ED37,42.39376810492952,13.030691131808599
Junction_1027,42.394600180208506,13.023853143453481,42.394563,13.02346,AX_05959105,8C83FC05005AEDC1,42.39458159010425,13.02365657172674
Junction_1032,42.39481035108104,13.023935031301775,42.394777,13.023928,AX_06746451,8C83FC050066F153,42.39479367554052,13.023931515650887
Junction_3394,42.39615188850774,13.022793334841477,42.396158,13.022772,AX_06550136,8C83FC050063F278,42.396154944253865,13.022782667420739
Junction_2740,42.39623993331453,13.022230090262807,42.396229,13.02222,AX_06746480,8C83FC050066F170,42.39623446665726,13.022225045131403
Junction_473,42.394514748785426,13.022626439988338,42.39451,13.022602,AX_06561799,8C83FC0500642007,42.39451237439271,13.022614219994168
Junction_2488,42.39460231894951,13.023902326322228,42.394613,13.024012,AX_06746481,8C83FC050066F171,42.39460765947476,13.023957163161114
Junction_2488,42.39460231894951,13.023902326322228,42.394579,13.023974,AX_06746448,8C83FC050066F150,42.39459065947476,13.023938163161114
Junction_1057,42.39653399810531,13.022978461396603,42.396598,13.022857,AX_06549996,8C83FC050063F1EC,42.396565999052655,13.022917730698301
Junction_2741,42.395029790627426,13.023915699025775,42.395004,13.023842,AX_06746088,8C83FC050066EFE8,42.39501689531372,13.023878849512887
Junction_973,42.39611273504531,13.02453470517139,42.396106,13.024544,AX_06550275,8C83FC050063F303,42.396109367522655,13.024539352585695
Junction_968,42.39613411800031,13.024619460416833,42.396152,13.02462,AX_06550020,8C83FC050063F204,42.39614305900015,13.024619730208418
Junction_968,42.39613411800031,13.024619460416833,42.396167,13.024609,AX_05964317,8C83FC05005B021D,42.396150559000155,13.024614230208417
Junction_946,42.39623507068658,13.025237437942694,42.396282,13.025276,AX_05964368,8C83FC05005B0250,42.39625853534329,13.025256718971347
Junction_962,42.39617203996341,13.02486043603822,42.396306,13.02478,AX_06550017,8C83FC050063F201,42.39623901998171,13.024820218019109
Junction_3661,42.3939331558658,13.026146190411279,42.393963,13.026116,AX_06746405,8C83FC050066F125,42.393948077932905,13.026131095205638
Junction_3661,42.3939331558658,13.026146190411279,42.393993,13.026152,AX_06549962,8C83FC050063F1CA,42.3939630779329,13.02614909520564
Junction_862,42.3940237397169,13.025962073110353,42.394021,13.025873,AX_06746423,8C83FC050066F137,42.39402236985845,13.025917536555177
Junction_862,42.3940237397169,13.025962073110353,42.394024,13.025937,AX_05959992,8C83FC05005AF138,42.39402386985845,13.025949536555178
Junction_867,42.39405576029149,13.025970623689293,42.394097,13.025945,AX_06746404,8C83FC050066F124,42.39407638014575,13.025957811844647
Junction_3657,42.39622884007957,13.025691253068443,42.39592,13.026039,AX_06550272,8C83FC050063F300,42.39607442003978,13.025865126534221
Junction_1017,42.394538850156934,13.024242434458365,42.394558,13.024422,AX_05964651,8C83FC05005B036B,42.39454842507847,13.024332217229183
Junction_3346,42.394693055106906,13.025157529811755,42.394643,13.025214,AX_05959733,8C83FC05005AF035,42.39466802755345,13.025185764905878
Junction_737,42.39471159396814,13.025180184187073,42.394672,13.025269,AX_05959993,8C83FC05005AF139,42.39469179698407,13.025224592093537
Junction_3347,42.39480906916085,13.02501194448597,42.394826,13.024956,AX_06746406,8C83FC050066F126,42.394817534580426,13.024983972242985
Junction_2251,42.39490931641764,13.024283435794786,42.394836,13.02427,AX_06746429,8C83FC050066F13D,42.39487265820882,13.024276717897393
Junction_1001,42.39493610170985,13.024288104863224,42.395031,13.024218,AX_07364681,8C83FC0500706049,42.39498355085493,13.024253052431611
Junction_1971,42.39417429369577,13.022392288944605,42.394034,13.022341,AX_05959136,8C83FC05005AEDE0,42.39410414684788,13.022366644472303
Junction_421,42.39413386087023,13.02265938848993,42.39412,13.022675,AX_05964393,8C83FC05005B0269,42.394126930435114,13.022667194244965
Junction_2648,42.394152172773225,13.022688923716023,42.394141,13.022756,AX_05959969,8C83FC05005AF121,42.39414658638661,13.022722461858011
Junction_2398,42.39414024608342,13.02287638713723,42.394145,13.022857,AX_05959952,8C83FC05005AF110,42.39414262304171,13.022866693568616
Junction_439,42.39414098017872,13.02288496858795,42.394146,13.022914,AX_05964427,8C83FC05005B028B,42.39414349008936,13.022899484293976
Junction_416,42.394226703374706,13.022256188541558,42.39415,13.022275,AX_06746282,8C83FC050066F0AA,42.394188351687355,13.02226559427078
Junction_413,42.394169105086625,13.0224507117174,42.39416,13.022459,AX_05959956,8C83FC05005AF114,42.394164552543316,13.022454855858701
Junction_781,42.39429153602969,13.022760070949353,42.394327,13.022804,AX_06746284,8C83FC050066F0AC,42.394309268014844,13.022782035474677
Junction_1611,42.383579481549454,13.018426291754796,42.384344,13.018784,AX_05960067,8C83FC05005AF183,42.38396174077472,13.018605145877398
Junction_1611,42.383579481549454,13.018426291754796,42.384438,13.018812,AX_06746224,8C83FC050066F070,42.38400874077473,13.018619145877398
Junction_1611,42.383579481549454,13.018426291754796,42.384484,13.018812,AX_05960088,8C83FC05005AF198,42.38403174077473,13.018619145877398
Junction_1611,42.383579481549454,13.018426291754796,42.384509,13.018832,AX_05960046,8C83FC05005AF16E,42.38404424077473,13.018629145877398
Junction_1611,42.383579481549454,13.018426291754796,42.384377,13.018854,AX_05960083,8C83FC05005AF193,42.383978240774724,13.018640145877399
Junction_1611,42.383579481549454,13.018426291754796,42.384385,13.018803,AX_05960062,8C83FC05005AF17E,42.38398224077473,13.018614645877399
Junction_1611,42.383579481549454,13.018426291754796,42.384399,13.018781,AX_05959755,8C83FC05005AF04B,42.383989240774724,13.018603645877398
Junction_1611,42.383579481549454,13.018426291754796,42.38435,13.018846,AX_05960026,8C83FC05005AF15A,42.38396474077473,13.018636145877398
Junction_1363,42.386169224669686,13.011158474489811,42.386219,13.011066,AX_06745926,8C83FC050066EF46,42.38619411233484,13.011112237244905
Junction_1360,42.38615005495061,13.011301110142401,42.386172,13.011239,AX_06745931,8C83FC050066EF4B,42.38616102747531,13.0112700550712
Junction_1354,42.38616426811643,13.011519896735255,42.386219,13.011831,AX_06745907,8C83FC050066EF33,42.386191634058214,13.011675448367628
Junction_2357,42.38591843643123,13.010542157435378,42.385971,13.010558,AX_06745381,8C83FC050066ED25,42.38594471821561,13.010550078717689
Junction_2357,42.38591843643123,13.010542157435378,42.385971,13.010557,AX_06745928,8C83FC050066EF48,42.38594471821561,13.01054957871769
Junction_2357,42.38591843643123,13.010542157435378,42.385972,13.010566,AX_06230884,8C83FC05005F1364,42.38594521821562,13.01055407871769
Junction_2357,42.38591843643123,13.010542157435378,42.385973,13.010566,AX_06745700,8C83FC050066EE64,42.385945718215616,13.01055407871769
Junction_2351,42.385982719339246,13.010903586849112,42.385977,13.010863,AX_06745909,8C83FC050066EF35,42.38597985966962,13.010883293424556
Junction_2356,42.38594964441457,13.010631625673819,42.385991,13.010616,AX_06745906,8C83FC050066EF32,42.385970322207285,13.01062381283691
Junction_1364,42.38605749074635,13.010886595796403,42.386067,13.010893,AX_06232816,8C83FC05005F1AF0,42.386062245373175,13.010889797898201
Junction_1458,42.38588229251773,13.010180933749877,42.38585,13.010186,AX_06745912,8C83FC050066EF38,42.38586614625886,13.010183466874938
Junction_1458,42.38588229251773,13.010180933749877,42.385878,13.010186,AX_06745765,8C83FC050066EEA5,42.38588014625886,13.010183466874938
Junction_2635,42.38582756592002,13.010268138064102,42.385855,13.01026,AX_06550033,8C83FC050063F211,42.38584128296001,13.01026406903205
Junction_2371,42.38606846373506,13.010365381086517,42.386023,13.010371,AX_06745491,8C83FC050066ED93,42.386045731867526,13.010368190543257
Junction_1443,42.385851895225606,13.010398292818003,42.385851,13.010411,AX_06745392,8C83FC050066ED30,42.38585144761281,13.010404646409
Junction_2359,42.38589828132403,13.010474585582827,42.385941,13.010496,AX_06550034,8C83FC050063F212,42.38591964066202,13.010485292791413
Junction_2359,42.38589828132403,13.010474585582827,42.385936,13.010458,AX_06549989,8C83FC050063F1E5,42.385917140662016,13.010466292791413
Junction_1493,42.386089608178644,13.0099635084686,42.386092,13.009976,AX_06745769,8C83FC050066EEA9,42.38609080408932,13.0099697542343
Junction_1491,42.38605860320793,13.009903985279921,42.386107,13.009858,AX_06558146,8C83FC05006411C2,42.38608280160396,13.00988099263996
Junction_1980,42.385932496702736,13.009876337248839,42.385919,13.009858,AX_05964650,8C83FC05005B036A,42.38592574835137,13.00986716862442
Junction_1502,42.38674934968078,13.010246271673498,42.387856,13.009807,AX_06550026,8C83FC050063F20A,42.387302674840384,13.010026635836748
Junction_1496,42.386110003067685,13.009965533616777,42.386179,13.009991,AX_06745737,8C83FC050066EE89,42.38614450153384,13.009978266808389
Junction_1498,42.386571051681784,13.0101321098525,42.386659,13.009996,AX_06561803,8C83FC050064200B,42.3866150258409,13.01006405492625
Junction_1496,42.386110003067685,13.009965533616777,42.386338,13.010001,AX_07364474,8C83FC0500705F7A,42.38622400153385,13.009983266808389
Junction_1496,42.386110003067685,13.009965533616777,42.386191,13.010019,AX_06745768,8C83FC050066EEA8,42.38615050153384,13.00999226680839
Junction_1496,42.386110003067685,13.009965533616777,42.386214,13.010031,AX_07365063,8C83FC05007061C7,42.38616200153385,13.009998266808388
Junction_1496,42.386110003067685,13.009965533616777,42.386184,13.010038,AX_07364467,8C83FC0500705F73,42.38614700153384,13.010001766808388
Junction_1503,42.3867431384521,13.010291708542468,42.386866,13.010304,AX_07364683,8C83FC050070604B,42.386804569226044,13.010297854271233
Junction_2349,42.38612216924214,13.01129496586875,42.386127,13.011261,AX_06745890,8C83FC050066EF22,42.38612458462107,13.011277982934374
Junction_2349,42.38612216924214,13.01129496586875,42.386128,13.011262,AX_06745888,8C83FC050066EF20,42.38612508462107,13.011278482934376
Junction_2349,42.38612216924214,13.01129496586875,42.386127,13.01126,AX_06745905,8C83FC050066EF31,42.38612458462107,13.011277482934375
Junction_2349,42.38612216924214,13.01129496586875,42.386127,13.011256,AX_06745929,8C83FC050066EF49,42.38612458462107,13.011275482934375
Junction_2349,42.38612216924214,13.01129496586875,42.386127,13.011253,AX_06745908,8C83FC050066EF34,42.38612458462107,13.011273982934375
Junction_2638,42.385722415395705,13.011116456828287,42.385747,13.011151,AX_06745766,8C83FC050066EEA6,42.38573470769785,13.011133728414144
Junction_2342,42.38588425323969,13.011679414749212,42.385954,13.011652,AX_06745923,8C83FC050066EF43,42.38591912661984,13.011665707374606
Junction_2638,42.385722415395705,13.011116456828287,42.385739,13.011143,AX_06745693,8C83FC050066EE5D,42.38573070769785,13.011129728414144
Junction_1344,42.38569896017089,13.011394508663416,42.385695,13.011365,AX_07365062,8C83FC05007061C6,42.38569698008544,13.011379754331708
Junction_1611,42.383579481549454,13.018426291754796,42.384521,13.018822,AX_06746301,8C83FC050066F0BD,42.38405024077473,13.018624145877398
Junction_1113,42.4001841611378,13.01678541851595,42.400177,13.016788,AX_05958838,8C83FC05005AECB6,42.4001805805689,13.016786709257975
Junction_1139,42.40022592338241,13.016447546744244,42.400241,13.016427,AX_07364685,8C83FC050070604D,42.4002334616912,13.016437273372123
Junction_1611,42.383579481549454,13.018426291754796,42.384339,13.018834,AX_06746243,8C83FC050066F083,42.38395924077473,13.018630145877399
Junction_1611,42.383579481549454,13.018426291754796,42.38436,13.018749,AX_06746298,8C83FC050066F0BA,42.38396974077473,13.018587645877398
Junction_1611,42.383579481549454,13.018426291754796,42.384385,13.018925,AX_06746265,8C83FC050066F099,42.38398224077473,13.018675645877398
Junction_1611,42.383579481549454,13.018426291754796,42.384407,13.018742,AX_06746266,8C83FC050066F09A,42.38399324077473,13.018584145877398
Junction_1611,42.383579481549454,13.018426291754796,42.384409,13.018789,AX_05960045,8C83FC05005AF16D,42.383994240774726,13.018607645877399
Junction_1611,42.383579481549454,13.018426291754796,42.384435,13.018924,AX_06746296,8C83FC050066F0B8,42.38400724077473,13.018675145877399
Junction_1611,42.383579481549454,13.018426291754796,42.384454,13.018815,AX_05960027,8C83FC05005AF15B,42.384016740774726,13.018620645877398
Junction_1611,42.383579481549454,13.018426291754796,42.38449,13.018857,AX_05960022,8C83FC05005AF156,42.38403474077472,13.018641645877398
Junction_886,42.3936319832007,13.026647661520483,42.393648,13.026659,AX_05959608,8C83FC05005AEFB8,42.39363999160035,13.026653330760242
Junction_878,42.39386002334478,13.026406706651693,42.393962,13.026596,AX_05959607,8C83FC05005AEFB7,42.39391101167239,13.026501353325846
Junction_884,42.393787659880324,13.026456693385116,42.394014,13.026778,AX_05959628,8C83FC05005AEFCC,42.393900829940165,13.026617346692557
Junction_884,42.393787659880324,13.026456693385116,42.394019,13.026778,AX_05959732,8C83FC05005AF034,42.39390332994016,13.026617346692557
Junction_540,42.39367511947654,13.028113953954344,42.393773,13.027953,AX_06745951,8C83FC050066EF5F,42.393724059738275,13.028033476977171
Junction_540,42.39367511947654,13.028113953954344,42.393773,13.027953,AX_06745396,8C83FC050066ED34,42.393724059738275,13.028033476977171
Junction_540,42.39367511947654,13.028113953954344,42.393773,13.027953,AX_06745969,8C83FC050066EF71,42.393724059738275,13.028033476977171
Junction_540,42.39367511947654,13.028113953954344,42.393773,13.027953,AX_06745954,8C83FC050066EF62,42.393724059738275,13.028033476977171
Junction_540,42.39367511947654,13.028113953954344,42.393773,13.027953,AX_06745959,8C83FC050066EF67,42.393724059738275,13.028033476977171
Junction_537,42.39354753156234,13.027994927224825,42.393535,13.027941,AX_06757523,8C83FC0500671C93,42.39354126578117,13.027967963612411
Junction_537,42.39354753156234,13.027994927224825,42.393645,13.027917,AX_06757518,8C83FC0500671C8E,42.39359626578117,13.027955963612413
Junction_537,42.39354753156234,13.027994927224825,42.393605,13.027978,AX_06557988,8C83FC0500641124,42.39357626578117,13.027986463612411
Junction_190,42.39737433681676,13.02738091752672,42.397374,13.027364,AX_06550251,8C83FC050063F2EB,42.397374168408376,13.02737245876336
Junction_190,42.39737433681676,13.02738091752672,42.397616,13.027172,AX_06550256,8C83FC050063F2F0,42.39749516840838,13.02727645876336
Junction_191,42.39737958953795,13.027403463487454,42.397623,13.027425,AX_06550254,8C83FC050063F2EE,42.39750129476897,13.027414231743727
Junction_2494,42.39361147653718,13.026989891786503,42.394098,13.027301,AX_06550274,8C83FC050063F302,42.39385473826859,13.02714544589325
Junction_2494,42.39361147653718,13.026989891786503,42.39373,13.02738,AX_06761896,8C83FC0500672DA8,42.39367073826859,13.027184945893252
Junction_2494,42.39361147653718,13.026989891786503,42.39373,13.02738,AX_06746098,8C83FC050066EFF2,42.39367073826859,13.027184945893252
Junction_2494,42.39361147653718,13.026989891786503,42.39373,13.02738,AX_06757540,8C83FC0500671CA4,42.39367073826859,13.027184945893252
Junction_2494,42.39361147653718,13.026989891786503,42.39373,13.02738,AX_06745403,8C83FC050066ED3B,42.39367073826859,13.027184945893252
Junction_2494,42.39361147653718,13.026989891786503,42.394025,13.027401,AX_06550278,8C83FC050063F306,42.393818238268594,13.027195445893252
Junction_2494,42.39361147653718,13.026989891786503,42.39373,13.02738,AX_06760261,8C83FC0500672745,42.39367073826859,13.027184945893252
Junction_2840,42.393299251441725,13.027800626860138,42.393321,13.027827,AX_06756101,8C83FC0500671705,42.39331012572086,13.027813813430068
Junction_2840,42.393299251441725,13.027800626860138,42.393321,13.027827,AX_06757287,8C83FC0500671BA7,42.39331012572086,13.027813813430068
Junction_2840,42.393299251441725,13.027800626860138,42.393321,13.027827,AX_06761917,8C83FC0500672DBD,42.39331012572086,13.027813813430068
Junction_2840,42.393299251441725,13.027800626860138,42.393321,13.027827,AX_06756102,8C83FC0500671706,42.39331012572086,13.027813813430068
Junction_2840,42.393299251441725,13.027800626860138,42.393321,13.027827,AX_06755635,8C83FC0500671533,42.39331012572086,13.027813813430068
Junction_2840,42.393299251441725,13.027800626860138,42.393321,13.027827,AX_06746479,8C83FC050066F16F,42.39331012572086,13.027813813430068
Junction_2840,42.393299251441725,13.027800626860138,42.393169,13.027953,AX_06745401,8C83FC050066ED39,42.393234125720866,13.027876813430069
Junction_2840,42.393299251441725,13.027800626860138,42.393169,13.027953,AX_06745400,8C83FC050066ED38,42.393234125720866,13.027876813430069
Junction_2498,42.393303840878374,13.027608690043433,42.393282,13.027567,AX_05959621,8C83FC05005AEFC5,42.39329292043919,13.027587845021717
Junction_2500,42.39214171519857,13.027717292055032,42.3921,13.027665,AX_06231161,8C83FC05005F1479,42.39212085759928,13.027691146027516
Junction_2840,42.393299251441725,13.027800626860138,42.393274,13.027735,AX_06760286,8C83FC050067275E,42.39328662572086,13.027767813430069
Junction_848,42.392629697426536,13.02773525117894,42.392674,13.027799,AX_06231191,8C83FC05005F1497,42.39265184871327,13.02776712558947
Junction_2750,42.392892966481114,13.02765250850795,42.392821,13.027577,AX_05959600,8C83FC05005AEFB0,42.392856983240556,13.027614754253975
Junction_521,42.39318361775181,13.027462716236753,42.393379,13.027372,AX_06745790,8C83FC050066EEBE,42.393281308875906,13.027417358118377
Junction_902,42.39340971469765,13.02663976361074,42.39326,13.026674,AX_06746403,8C83FC050066F123,42.39333485734882,13.02665688180537
Junction_902,42.39340971469765,13.02663976361074,42.393342,13.026573,AX_06746414,8C83FC050066F12E,42.39337585734882,13.02660638180537
Junction_3670,42.39332286417586,13.027050799130896,42.393343,13.027035,AX_05959604,8C83FC05005AEFB4,42.39333293208793,13.027042899565448
Junction_3670,42.39332286417586,13.027050799130896,42.393367,13.027053,AX_05959624,8C83FC05005AEFC8,42.39334493208793,13.027051899565448
Junction_2150,42.393413014234554,13.026871632416578,42.39337,13.026763,AX_06746445,8C83FC050066F14D,42.39339150711727,13.02681731620829
Junction_902,42.39340971469765,13.02663976361074,42.393418,13.026682,AX_06760183,8C83FC05006726F7,42.39341385734882,13.02666088180537
Junction_899,42.39348483593301,13.026786006954735,42.393442,13.026801,AX_05959623,8C83FC05005AEFC7,42.3934634179665,13.026793503477368
Junction_853,42.392253108240155,13.026932215028417,42.392126,13.0269,AX_06233153,8C83FC05005F1C41,42.39218955412008,13.026916107514207
Junction_2799,42.39269047812497,13.026540509208488,42.392774,13.026606,AX_06232799,8C83FC05005F1ADF,42.39273223906248,13.026573254604244
Junction_2515,42.392827631332224,13.026723073188114,42.392823,13.026657,AX_05960884,8C83FC05005AF4B4,42.392825315666116,13.026690036594058
Junction_2515,42.392827631332224,13.026723073188114,42.39288,13.02661,AX_06231158,8C83FC05005F1476,42.392853815666115,13.026666536594057
Junction_2515,42.392827631332224,13.026723073188114,42.39286,13.026707,AX_06231165,8C83FC05005F147D,42.39284381566611,13.026715036594057
Junction_3669,42.392982516206374,13.026978614738125,42.392876,13.027172,AX_06745404,8C83FC050066ED3C,42.39292925810319,13.027075307369063
Junction_2518,42.39495174152396,13.030099176507392,42.394949,13.030088,AX_06231159,8C83FC05005F1477,42.394950370761975,13.030093588253695
Junction_572,42.39495186913904,13.030192099070922,42.394952,13.030168,AX_06745483,8C83FC050066ED8B,42.39495193456952,13.03018004953546
Junction_575,42.394856469613984,13.03060841285279,42.39493,13.030595,AX_06233181,8C83FC05005F1C5D,42.39489323480699,13.030601706426395
Junction_578,42.3948567018183,13.030664659056063,42.394905,13.030664,AX_06233198,8C83FC05005F1C6E,42.394880850909146,13.030664329528031
Junction_2519,42.394865254127325,13.030697193421341,42.394943,13.030677,AX_06233179,8C83FC05005F1C5B,42.39490412706366,13.030687096710672
Junction_2598,42.39358854247669,13.030239053649469,42.393592,13.030219,AX_06745958,8C83FC050066EF66,42.393590271238345,13.030229026824735
Junction_2597,42.3935905534522,13.030295125700215,42.393606,13.030318,AX_06745952,8C83FC050066EF60,42.393598276726095,13.030306562850107
Junction_2597,42.3935905534522,13.030295125700215,42.393615,13.030328,AX_06745960,8C83FC050066EF68,42.3936027767261,13.030311562850109
Junction_2160,42.39380822308123,13.030194781732984,42.393937,13.030094,AX_06745956,8C83FC050066EF64,42.393872611540615,13.030144390866493
Junction_3237,42.39407749568794,13.029633098374333,42.394013,13.029658,AX_06232917,8C83FC05005F1B55,42.39404524784397,13.029645549187165
Junction_2704,42.393807313748695,13.03019852855877,42.394023,13.030293,AX_06745380,8C83FC050066ED24,42.39391515687434,13.030245764279385
Junction_2598,42.39358854247669,13.030239053649469,42.393654,13.030208,AX_06745968,8C83FC050066EF70,42.393621271238345,13.030223526824734
Junction_563,42.394211797992135,13.029556960735494,42.394228,13.029531,AX_06745372,8C83FC050066ED1C,42.39421989899607,13.029543980367748
Junction_2533,42.3943346630611,13.029693846787767,42.394315,13.029667,AX_05964583,8C83FC05005B0327,42.394324831530554,13.029680423393884
Junction_35,42.39466750429347,13.029510231790292,42.394862,13.02968,AX_05964579,8C83FC05005B0323,42.39476475214674,13.029595115895146
Junction_2533,42.3943346630611,13.029693846787767,42.394334,13.02975,AX_05964565,8C83FC05005B0315,42.39433433153055,13.029721923393883
Junction_2533,42.3943346630611,13.029693846787767,42.394364,13.029751,AX_05964568,8C83FC05005B0318,42.39434933153055,13.029722423393883
Junction_2533,42.3943346630611,13.029693846787767,42.394535,13.029905,AX_06233186,8C83FC05005F1C62,42.394434831530546,13.029799423393882
Junction_3678,42.394868811748516,13.029964010029559,42.394716,13.029809,AX_06233177,8C83FC05005F1C59,42.394792405874256,13.02988650501478
Junction_21,42.394569825831226,13.029509011926011,42.394552,13.029494,AX_06550030,8C83FC050063F20E,42.39456091291561,13.029501505963005
Junction_2884,42.39236069337245,13.029138817711493,42.392572,13.029122,AX_06550036,8C83FC050063F214,42.39246634668623,13.029130408855746
Junction_2510,42.39269976816935,13.028643851548678,42.392577,13.028687,AX_05964369,8C83FC05005B0251,42.39263838408468,13.028665425774339
Junction_722,42.392794724330415,13.029694696825393,42.392791,13.029722,AX_07365184,8C83FC0500706240,42.39279286216521,13.029708348412697
Junction_807,42.39324015697994,13.03039378097061,42.39327,13.030329,AX_06550008,8C83FC050063F1F8,42.39325507848997,13.030361390485304
Junction_806,42.39335635833009,13.03029966747159,42.393283,13.030258,AX_06745957,8C83FC050066EF65,42.393319679165046,13.030278833735796
Junction_2237,42.39231970181156,13.029088813303323,42.392515,13.028922,AX_05964370,8C83FC05005B0252,42.39241735090578,13.029005406651661
Junction_548,42.393816444958965,13.0283280052304,42.393929,13.028209,AX_06549965,8C83FC050063F1CD,42.393872722479486,13.0282685026152
Junction_549,42.39388199597023,13.028463389341441,42.394034,13.028313,AX_05964392,8C83FC05005B0268,42.39395799798511,13.028388194670722
Junction_549,42.39388199597023,13.028463389341441,42.394034,13.028313,AX_05959973,8C83FC05005AF125,42.39395799798511,13.028388194670722
Junction_549,42.39388199597023,13.028463389341441,42.394034,13.028313,AX_05964488,8C83FC05005B02C8,42.39395799798511,13.028388194670722
Junction_549,42.39388199597023,13.028463389341441,42.394034,13.028313,AX_06550137,8C83FC050063F279,42.39395799798511,13.028388194670722
Junction_549,42.39388199597023,13.028463389341441,42.394034,13.028313,AX_05959950,8C83FC05005AF10E,42.39395799798511,13.028388194670722
Junction_549,42.39388199597023,13.028463389341441,42.394034,13.028313,AX_05960009,8C83FC05005AF149,42.39395799798511,13.028388194670722
Junction_554,42.39385497094016,13.028569929698948,42.393827,13.028633,AX_06233195,8C83FC05005F1C6B,42.39384098547008,13.028601464849473
Junction_548,42.393816444958965,13.0283280052304,42.393924,13.02832,AX_06745414,8C83FC050066ED46,42.39387022247948,13.0283240026152
Junction_2069,42.39379242904586,13.028301793814936,42.393786,13.0283,AX_06233185,8C83FC05005F1C61,42.393789214522926,13.028300896907467
Junction_2083,42.391165228047356,13.028417871523919,42.391317,13.02836,AX_06745412,8C83FC050066ED44,42.39124111402368,13.02838893576196
Junction_3323,42.39268132142233,13.02824198829748,42.392708,13.028212,AX_06550114,8C83FC050063F262,42.392694660711165,13.02822699414874
Junction_3675,42.392712933178174,13.028085134271993,42.392722,13.028097,AX_06549981,8C83FC050063F1DD,42.39271746658909,13.028091067135996
Junction_544,42.39361190890579,13.028345990088061,42.393551,13.028259,AX_06745415,8C83FC050066ED47,42.3935814544529,13.02830249504403
Junction_839,42.39268475409653,13.02824591702502,42.392711,13.028253,AX_06549992,8C83FC050063F1E8,42.39269787704826,13.028249458512509
Junction_558,42.394196568229816,13.028583008100282,42.394183,13.028194,AX_06550260,8C83FC050063F2F4,42.39418978411491,13.028388504050142
Junction_2759,42.39419606890801,13.028901390621554,42.394216,13.028813,AX_06745953,8C83FC050066EF61,42.394206034454,13.028857195310778
Junction_558,42.394196568229816,13.028583008100282,42.39446,13.02858,AX_06745409,8C83FC050066ED41,42.394328284114906,13.028581504050141
Junction_30,42.39563331925488,13.028027870562248,42.395662,13.028059,AX_06550276,8C83FC050063F304,42.39564765962744,13.028043435281123
Junction_558,42.394196568229816,13.028583008100282,42.394524,13.028664,AX_06550277,8C83FC050063F305,42.39436028411491,13.028623504050142
Junction_2162,42.39428663239512,13.029013879174975,42.394471,13.029053,AX_06550255,8C83FC050063F2EF,42.39437881619756,13.029033439587486
Junction_559,42.39424111129495,13.029017095204559,42.394253,13.029033,AX_05959998,8C83FC05005AF13E,42.394247055647476,13.029025047602278
Junction_559,42.39424111129495,13.029017095204559,42.394253,13.029033,AX_05959994,8C83FC05005AF13A,42.394247055647476,13.029025047602278
Junction_558,42.394196568229816,13.028583008100282,42.394295,13.028673,AX_06561782,8C83FC0500641FF6,42.39424578411491,13.028628004050141
Junction_37,42.395311165506065,13.0287251668559,42.395387,13.028789,AX_05959953,8C83FC05005AF111,42.39534908275303,13.02875708342795
Junction_540,42.39367511947654,13.028113953954344,42.393645,13.028056,AX_06233157,8C83FC05005F1C45,42.39366005973827,13.028084976977173
Junction_541,42.39370467135117,13.02820810430573,42.393664,13.028246,AX_05964564,8C83FC05005B0314,42.39368433567559,13.028227052152864
Junction_540,42.39367511947654,13.028113953954344,42.393672,13.028071,AX_06746410,8C83FC050066F12A,42.393673559738275,13.028092476977172
Junction_540,42.39367511947654,13.028113953954344,42.393678,13.028062,AX_06745410,8C83FC050066ED42,42.39367655973827,13.028087976977172
Junction_540,42.39367511947654,13.028113953954344,42.393702,13.028036,AX_06233183,8C83FC05005F1C5F,42.393688559738266,13.028074976977173
Junction_542,42.39372425908871,13.028184826695357,42.393715,13.028149,AX_05959622,8C83FC05005AEFC6,42.39371962954435,13.028166913347679
Junction_540,42.39367511947654,13.028113953954344,42.393718,13.028104,AX_06233148,8C83FC05005F1C3C,42.393696559738274,13.028108976977173
Junction_386,42.393698915203075,13.023467650960372,42.393771,13.023396,AX_06550013,8C83FC050063F1FD,42.39373495760154,13.023431825480186
Junction_386,42.393698915203075,13.023467650960372,42.393869,13.023455,AX_06745506,8C83FC050066EDA2,42.39378395760154,13.023461325480186
Junction_2614,42.393111858497335,13.025897221919696,42.393245,13.025735,AX_06550273,8C83FC050063F301,42.393178429248664,13.025816110959848
Junction_862,42.3940237397169,13.025962073110353,42.393833,13.025847,AX_06746408,8C83FC050066F128,42.39392836985845,13.025904536555178
Junction_901,42.39323930472107,13.026236518422042,42.393213,13.026251,AX_06746475,8C83FC050066F16B,42.39322615236054,13.02624375921102
Junction_901,42.39323930472107,13.026236518422042,42.393226,13.026186,AX_06761913,8C83FC0500672DB9,42.39323265236054,13.02621125921102
Junction_3335,42.393784215662784,13.026438422102636,42.393787,13.02644,AX_05959749,8C83FC05005AF045,42.39378560783139,13.026439211051319
Junction_884,42.393787659880324,13.026456693385116,42.39382,13.026466,AX_05959752,8C83FC05005AF048,42.39380382994016,13.026461346692557
Junction_2503,42.3938403097089,13.02628033333556,42.393835,13.026241,AX_06746427,8C83FC050066F13B,42.39383765485445,13.026260666667781
Junction_2503,42.3938403097089,13.02628033333556,42.393865,13.02626,AX_06746426,8C83FC050066F13A,42.39385265485445,13.02627016666778
Junction_3650,42.389802347036934,13.022623668504382,42.389818,13.022658,AX_06756909,8C83FC0500671A2D,42.38981017351847,13.02264083425219
Junction_3649,42.39051662586213,13.022635958076327,42.39051,13.022723,AX_07364475,8C83FC0500705F7B,42.39051331293106,13.022679479038164
Junction_2393,42.393708904924395,13.023034926482643,42.393674,13.022694,AX_06756932,8C83FC0500671A44,42.39369145246219,13.022864463241321
Junction_2393,42.393708904924395,13.023034926482643,42.39375,13.022945,AX_06561783,8C83FC0500641FF7,42.393729452462196,13.022989963241322
Junction_779,42.393731688394546,13.022007611798925,42.393398,13.02201,AX_07365058,8C83FC05007061C2,42.39356484419727,13.022008805899462
Junction_3331,42.39263193586082,13.025793869282875,42.392708,13.025765,AX_07365213,8C83FC050070625D,42.39266996793041,13.025779434641438
Junction_2502,42.392720335577074,13.026085742448215,42.392743,13.026105,AX_06746447,8C83FC050066F14F,42.39273166778854,13.026095371224107
Junction_2502,42.392720335577074,13.026085742448215,42.392758,13.026251,AX_05959641,8C83FC05005AEFD9,42.392739167788534,13.026168371224108
Junction_3664,42.39291617196348,13.025860946411838,42.392786,13.025838,AX_06761841,8C83FC0500672D71,42.39285108598174,13.02584947320592
Junction_2679,42.392925325288246,13.025965742653073,42.392923,13.025949,AX_06761916,8C83FC0500672DBC,42.39292416264412,13.025957371326538
Junction_3664,42.39291617196348,13.025860946411838,42.392998,13.025771,AX_06746449,8C83FC050066F151,42.392957085981735,13.025815973205919
Junction_2679,42.392925325288246,13.025965742653073,42.392913,13.025999,AX_06746446,8C83FC050066F14E,42.39291916264412,13.025982371326537
Junction_2502,42.392720335577074,13.026085742448215,42.392751,13.026248,AX_06550007,8C83FC050063F1F7,42.392735667788536,13.026166871224108
Junction_3331,42.39263193586082,13.025793869282875,42.392735,13.025778,AX_06561805,8C83FC050064200D,42.39268346793041,13.025785934641437
Junction_890,42.39262982619122,13.02578850460214,42.392713,13.025748,AX_05959985,8C83FC05005AF131,42.39267141309561,13.02576825230107
Junction_382,42.389329765571375,13.027691369580284,42.388497,13.026513,AX_06745911,8C83FC050066EF37,42.38891338278569,13.027102184790142
Junction_2843,42.39238223732095,13.025847604931636,42.39242,13.025806,AX_05959996,8C83FC05005AF13C,42.39240111866047,13.025826802465819
Junction_2843,42.39238223732095,13.025847604931636,42.392431,13.02579,AX_05959988,8C83FC05005AF134,42.39240661866047,13.025818802465817
Junction_2501,42.39252508138385,13.025569446858961,42.392463,13.025662,AX_06550012,8C83FC050063F1FC,42.39249404069193,13.025615723429482
Junction_3666,42.392473123326525,13.025958124211774,42.392497,13.025998,AX_06231168,8C83FC05005F1480,42.392485061663265,13.025978062105887
Junction_3666,42.392473123326525,13.025958124211774,42.392453,13.026059,AX_05959984,8C83FC05005AF130,42.392463061663264,13.026008562105886
Junction_2269,42.38704805636164,13.023794158178452,42.387076,13.023589,AX_05959668,8C83FC05005AEFF4,42.38706202818082,13.023691579089226
Junction_752,42.3864022630667,13.023542826762002,42.386296,13.023615,AX_06988796,8C83FC05006AA3FC,42.38634913153335,13.023578913381002
Junction_769,42.38659617744447,13.023593163900827,42.386519,13.02367,AX_07365060,8C83FC05007061C4,42.38655758872223,13.023631581950413
Junction_2269,42.38704805636164,13.023794158178452,42.387454,13.025073,AX_06549977,8C83FC050063F1D9,42.38725102818082,13.024433579089226
Junction_746,42.38724087815177,13.022620673635599,42.387565,13.022876,AX_05959659,8C83FC05005AEFEB,42.38740293907588,13.022748336817799
Junction_2269,42.38704805636164,13.023794158178452,42.387184,13.023467,AX_06557867,8C83FC05006410AB,42.38711602818082,13.023630579089225
Junction_1639,42.383515400295764,13.01768394059864,42.383323,13.017738,AX_06549994,8C83FC050063F1EA,42.383419200147884,13.01771097029932
Junction_1955,42.38362692661011,13.017757315278313,42.383747,13.017872,AX_07365114,8C83FC05007061FA,42.38368696330505,13.017814657639157
Junction_1955,42.38362692661011,13.017757315278313,42.383747,13.017872,AX_07365252,8C83FC0500706284,42.38368696330505,13.017814657639157
Junction_1955,42.38362692661011,13.017757315278313,42.383747,13.017872,AX_07365061,8C83FC05007061C5,42.38368696330505,13.017814657639157
Junction_1606,42.38299003920159,13.01826752960904,42.382955,13.018214,AX_06746242,8C83FC050066F082,42.3829725196008,13.01824076480452
Junction_1609,42.38314190491609,13.018250691845113,42.383178,13.018272,AX_07365150,8C83FC050070621E,42.383159952458044,13.018261345922557
Junction_1636,42.38282727495242,13.016227631438063,42.382401,13.016432,AX_06745503,8C83FC050066ED9F,42.38261413747621,13.016329815719033
Junction_1636,42.38282727495242,13.016227631438063,42.382401,13.016432,AX_06745743,8C83FC050066EE8F,42.38261413747621,13.016329815719033
Junction_1636,42.38282727495242,13.016227631438063,42.382401,13.016432,AX_05959599,8C83FC05005AEFAF,42.38261413747621,13.016329815719033
Junction_1636,42.38282727495242,13.016227631438063,42.382401,13.016432,AX_06745696,8C83FC050066EE60,42.38261413747621,13.016329815719033
Junction_1636,42.38282727495242,13.016227631438063,42.382401,13.016432,AX_06746450,8C83FC050066F152,42.38261413747621,13.016329815719033
Junction_1636,42.38282727495242,13.016227631438063,42.382401,13.016432,AX_06745393,8C83FC050066ED31,42.38261413747621,13.016329815719033
Junction_1636,42.38282727495242,13.016227631438063,42.382401,13.016432,AX_06231351,8C83FC05005F1537,42.38261413747621,13.016329815719033
Junction_1636,42.38282727495242,13.016227631438063,42.382401,13.016432,AX_06745496,8C83FC050066ED98,42.38261413747621,13.016329815719033
Junction_1636,42.38282727495242,13.016227631438063,42.382401,13.016432,AX_06745742,8C83FC050066EE8E,42.38261413747621,13.016329815719033
Junction_1636,42.38282727495242,13.016227631438063,42.382401,13.016432,AX_06746129,8C83FC050066F011,42.38261413747621,13.016329815719033
Junction_1636,42.38282727495242,13.016227631438063,42.382401,13.016432,AX_06745903,8C83FC050066EF2F,42.38261413747621,13.016329815719033
Junction_2315,42.38020498169146,13.016407481761894,42.380308,13.016373,AX_06746295,8C83FC050066F0B7,42.38025649084573,13.016390240880947
Junction_1636,42.38282727495242,13.016227631438063,42.382401,13.016432,AX_06745746,8C83FC050066EE92,42.38261413747621,13.016329815719033
Junction_1636,42.38282727495242,13.016227631438063,42.382401,13.016432,AX_06745744,8C83FC050066EE90,42.38261413747621,13.016329815719033
Junction_1636,42.38282727495242,13.016227631438063,42.382401,13.016432,AX_06745475,8C83FC050066ED83,42.38261413747621,13.016329815719033
Junction_1832,42.38017154676443,13.016376565493488,42.380187,13.01637,AX_06746294,8C83FC050066F0B6,42.38017927338221,13.016373282746745
Junction_2315,42.38020498169146,13.016407481761894,42.380227,13.016409,AX_06746300,8C83FC050066F0BC,42.38021599084573,13.016408240880946
Junction_2315,42.38020498169146,13.016407481761894,42.380261,13.016485,AX_06746299,8C83FC050066F0BB,42.38023299084573,13.016446240880946
Junction_1737,42.37981776182865,13.016498848264257,42.37992,13.01645,AX_06745507,8C83FC050066EDA3,42.37986888091432,13.016474424132129
Junction_1737,42.37981776182865,13.016498848264257,42.379771,13.0165,AX_06549990,8C83FC050063F1E6,42.37979438091432,13.016499424132128
Junction_1636,42.38282727495242,13.016227631438063,42.382401,13.016432,AX_06745767,8C83FC050066EEA7,42.38261413747621,13.016329815719033
Junction_1636,42.38282727495242,13.016227631438063,42.382401,13.016432,AX_06232930,8C83FC05005F1B62,42.38261413747621,13.016329815719033
Junction_1636,42.38282727495242,13.016227631438063,42.382401,13.016432,AX_06745925,8C83FC050066EF45,42.38261413747621,13.016329815719033
Junction_1636,42.38282727495242,13.016227631438063,42.382401,13.016432,AX_06745764,8C83FC050066EEA4,42.38261413747621,13.016329815719033
Junction_1636,42.38282727495242,13.016227631438063,42.382401,13.016432,AX_06745511,8C83FC050066EDA7,42.38261413747621,13.016329815719033
Junction_1806,42.38024717335704,13.01704189604584,42.380295,13.017002,AX_06549986,8C83FC050063F1E2,42.38027108667852,13.017021948022919
Junction_1781,42.38035405239221,13.017262362015416,42.380612,13.01716,AX_06549969,8C83FC050063F1D1,42.3804830261961,13.017211181007708
Junction_1781,42.38035405239221,13.017262362015416,42.380372,13.01731,AX_06231172,8C83FC05005F1484,42.38036302619611,13.017286181007709
Junction_1780,42.3803007095878,13.017379631907788,42.380207,13.017414,AX_06233180,8C83FC05005F1C5C,42.3802538547939,13.017396815953894
Junction_1780,42.3803007095878,13.017379631907788,42.380228,13.01745,AX_06745965,8C83FC050066EF6D,42.3802643547939,13.017414815953895
Junction_1791,42.38033310981479,13.01742934679461,42.380352,13.017482,AX_06233178,8C83FC05005F1C5A,42.3803425549074,13.017455673397304
Junction_1829,42.3801154314417,13.016552438616031,42.380073,13.016578,AX_06746292,8C83FC050066F0B4,42.38009421572085,13.016565219308017
Junction_1829,42.3801154314417,13.016552438616031,42.380046,13.016626,AX_06760280,8C83FC0500672758,42.38008071572085,13.016589219308017
Junction_1814,42.380083791707825,13.01677704034776,42.380042,13.016701,AX_06746297,8C83FC050066F0B9,42.38006289585391,13.01673902017388
Junction_1812,42.380101039792784,13.016798077970886,42.380218,13.016769,AX_06745490,8C83FC050066ED92,42.380159519896395,13.016783538985443
Junction_1741,42.3800068976295,13.016813297354984,42.380031,13.016815,AX_06745487,8C83FC050066ED8F,42.38001894881475,13.016814148677492
Junction_1739,42.379904718471536,13.016648352052648,42.379968,13.016634,AX_06231173,8C83FC05005F1485,42.37993635923577,13.016641176026324
Junction_2016,42.37993433394599,13.0171418221273,42.377649,13.019304,AX_05964454,8C83FC05005B02A6,42.378791666972994,13.01822291106365
Junction_2016,42.37993433394599,13.0171418221273,42.379691,13.017628,AX_06233199,8C83FC05005F1C6F,42.379812666972995,13.017384911063651
Junction_2321,42.380503348543876,13.017506977644944,42.380463,13.01761,AX_06231192,8C83FC05005F1498,42.38048317427194,13.017558488822472
Junction_2874,42.38069446116864,13.017689732849572,42.38072,13.017658,AX_06231154,8C83FC05005F1472,42.38070723058432,13.017673866424786
Junction_1825,42.38073038997318,13.018016561489885,42.380736,13.018041,AX_06231164,8C83FC05005F147C,42.38073319498659,13.018028780744942
Junction_1820,42.380861466037494,13.017733061305728,42.380828,13.017766,AX_06746231,8C83FC050066F077,42.38084473301875,13.017749530652864
Junction_1827,42.38097867009865,13.0183812002942,42.381057,13.018428,AX_06233187,8C83FC05005F1C63,42.38101783504932,13.0184046001471
Junction_1888,42.38119074304813,13.014620805205924,42.381205,13.014658,AX_06746227,8C83FC050066F073,42.381197871524066,13.014639402602963
Junction_1886,42.38116447156101,13.014677359976494,42.381144,13.014675,AX_05960028,8C83FC05005AF15C,42.3811542357805,13.014676179988246
Junction_1886,42.38116447156101,13.014677359976494,42.381227,13.014764,AX_07364679,8C83FC0500706047,42.38119573578051,13.014720679988248
Junction_1883,42.38106651925604,13.014854749797054,42.381086,13.014952,AX_06557873,8C83FC05006410B1,42.38107625962802,13.014903374898527
Junction_1630,42.3812207913626,13.012914489910328,42.381333,13.012899,AX_05964631,8C83FC05005B0357,42.381276895681296,13.012906744955163
Junction_1646,42.38132794006898,13.01437377162852,42.381315,13.014364,AX_06746246,8C83FC050066F086,42.38132147003449,13.01436888581426
Junction_1927,42.38126225804854,13.014472695125583,42.381317,13.014462,AX_06550490,8C83FC050063F3DA,42.381289629024266,13.014467347562793
Junction_2196,42.3810153532733,13.01451062090376,42.381034,13.014519,AX_06550038,8C83FC050063F216,42.38102467663665,13.01451481045188
Junction_2196,42.3810153532733,13.01451062090376,42.381063,13.014536,AX_05960019,8C83FC05005AF153,42.38103917663665,13.01452331045188
Junction_2196,42.3810153532733,13.01451062090376,42.381065,13.014538,AX_06746226,8C83FC050066F072,42.381040176636645,13.014524310451879
Junction_1885,42.38115436342963,13.014592725154255,42.381156,13.014568,AX_05960024,8C83FC05005AF158,42.38115518171482,13.014580362577128
Junction_1929,42.3810061100399,13.014631132363899,42.380989,13.01461,AX_06746269,8C83FC050066F09D,42.380997555019945,13.01462056618195
Junction_1877,42.38095866971622,13.014680953523184,42.380909,13.014646,AX_05960063,8C83FC05005AF17F,42.38093383485811,13.014663476761593
Junction_1865,42.38081474160189,13.014741366774764,42.38079,13.014671,AX_06746262,8C83FC050066F096,42.38080237080094,13.014706183387382
Junction_1867,42.38085140549667,13.014760069604739,42.380843,13.014769,AX_06746268,8C83FC050066F09C,42.380847202748335,13.014764534802369
Junction_1962,42.38074119758501,13.01481103433443,42.38076,13.014803,AX_05964330,8C83FC05005B022A,42.3807505987925,13.014807017167215
Junction_1867,42.38085140549667,13.014760069604739,42.380856,13.014811,AX_06746267,8C83FC050066F09B,42.38085370274834,13.01478553480237
Junction_1964,42.380752563221,13.014851811224375,42.380821,13.014944,AX_05960025,8C83FC05005AF159,42.380786781610496,13.014897905612187
Junction_1799,42.3806616532306,13.014109000280378,42.38074,13.013988,AX_06746264,8C83FC050066F098,42.380700826615296,13.014048500140188
Junction_1799,42.3806616532306,13.014109000280378,42.380764,13.014066,AX_07364676,8C83FC0500706044,42.380712826615294,13.014087500140189
Junction_1802,42.3807307150596,13.014196373397418,42.380907,13.014202,AX_07365171,8C83FC0500706233,42.3808188575298,13.014199186698708
Junction_1801,42.38071902004823,13.014215978270405,42.380653,13.014308,AX_05959664,8C83FC05005AEFF0,42.38068601002412,13.014261989135203
Junction_1798,42.38064587325225,13.014156351423189,42.380631,13.014165,AX_06561806,8C83FC050064200E,42.38063843662613,13.014160675711594
Junction_1848,42.38027661244242,13.014890546439341,42.380109,13.014852,AX_05959734,8C83FC05005AF036,42.38019280622121,13.01487127321967
Junction_1848,42.38027661244242,13.014890546439341,42.380116,13.014859,AX_05960087,8C83FC05005AF197,42.38019630622121,13.01487477321967
Junction_1847,42.380440835020444,13.014834166771411,42.380454,13.014955,AX_06746270,8C83FC050066F09E,42.380447417510226,13.014894583385706
Junction_1847,42.380440835020444,13.014834166771411,42.380437,13.014976,AX_06746263,8C83FC050066F097,42.38043891751022,13.014905083385706
Junction_1844,42.38047636140882,13.01520905347901,42.380427,13.015317,AX_05960084,8C83FC05005AF194,42.38045168070441,13.015263026739504
Junction_2197,42.380470478624886,13.014742948205981,42.380391,13.014572,AX_06550011,8C83FC050063F1FB,42.380430739312445,13.01465747410299
Junction_2319,42.38048812305156,13.01521200160943,42.380554,13.015389,AX_05960082,8C83FC05005AF192,42.38052106152578,13.015300500804717
Junction_1848,42.38027661244242,13.014890546439341,42.380053,13.014754,AX_05960060,8C83FC05005AF17C,42.38016480622121,13.014822273219671
Junction_1848,42.38027661244242,13.014890546439341,42.380056,13.014837,AX_05959753,8C83FC05005AF049,42.38016630622121,13.01486377321967
Junction_1848,42.38027661244242,13.014890546439341,42.380091,13.01484,AX_05959754,8C83FC05005AF04A,42.38018380622121,13.01486527321967
Junction_1848,42.38027661244242,13.014890546439341,42.379965,13.014851,AX_05960066,8C83FC05005AF182,42.380120806221214,13.01487077321967
Junction_1848,42.38027661244242,13.014890546439341,42.380088,13.014892,AX_05959731,8C83FC05005AF033,42.380182306221215,13.014891273219671
Junction_1848,42.38027661244242,13.014890546439341,42.379986,13.014909,AX_06746247,8C83FC050066F087,42.380131306221216,13.014899773219671
Junction_1850,42.380010239640875,13.01531196976507,42.379843,13.015089,AX_06746229,8C83FC050066F075,42.37992661982044,13.015200484882534
Junction_3524,42.379844596775044,13.013456789508277,42.379965,13.013461,AX_05959666,8C83FC05005AEFF2,42.37990479838752,13.013458894754137
Junction_1655,42.379568895763036,13.013484672512009,42.379566,13.013472,AX_05959640,8C83FC05005AEFD8,42.37956744788151,13.013478336256004
Junction_1848,42.38027661244242,13.014890546439341,42.379923,13.014732,AX_06746245,8C83FC050066F085,42.38009980622121,13.01481127321967
Junction_1848,42.38027661244242,13.014890546439341,42.379986,13.014736,AX_05960086,8C83FC05005AF196,42.380131306221216,13.01481327321967
Junction_1936,42.379720732437534,13.015793737543232,42.379719,13.015693,AX_06745504,8C83FC050066EDA0,42.379719866218764,13.015743368771616
Junction_1770,42.379721506881566,13.0155565964664,42.379751,13.015564,AX_05959646,8C83FC05005AEFDE,42.37973625344078,13.0155602982332
Junction_1772,42.37976888980767,13.015511196181182,42.379792,13.015536,AX_06550003,8C83FC050063F1F3,42.37978044490384,13.015523598090592
Junction_1770,42.379721506881566,13.0155565964664,42.379749,13.015557,AX_05959648,8C83FC05005AEFE0,42.379735253440785,13.015556798233199
Junction_1772,42.37976888980767,13.015511196181182,42.37978,13.015447,AX_05959644,8C83FC05005AEFDC,42.37977444490383,13.01547909809059
Junction_2810,42.38006113496917,13.015443108478273,42.38016,13.01553,AX_06557800,8C83FC0500641068,42.38011056748458,13.015486554239136
Junction_1833,42.38026173439618,13.016006250314375,42.380161,13.01594,AX_06550002,8C83FC050063F1F2,42.380211367198086,13.015973125157188
Junction_1769,42.37964052311487,13.015551046619557,42.379501,13.015506,AX_05959665,8C83FC05005AEFF1,42.37957076155743,13.01552852330978
Junction_1840,42.380342188015156,13.0157004319161,42.380345,13.015656,AX_06746293,8C83FC050066F0B5,42.38034359400758,13.01567821595805
Junction_1732,42.379296554683506,13.01576507152989,42.379349,13.015766,AX_06233197,8C83FC05005F1C6D,42.379322777341756,13.015765535764945
Junction_1734,42.37936474156878,13.01587361173855,42.379378,13.015893,AX_06549982,8C83FC050063F1DE,42.37937137078439,13.015883305869275
Junction_1732,42.379296554683506,13.01576507152989,42.378896,13.015933,AX_06745484,8C83FC050066ED8C,42.37909627734175,13.015849035764944
Junction_1734,42.37936474156878,13.01587361173855,42.379378,13.015894,AX_06231187,8C83FC05005F1493,42.37937137078439,13.015883805869276
Junction_1153,42.377703346100056,13.014560775219815,42.377725,13.014549,AX_05959138,8C83FC05005AEDE2,42.37771417305002,13.014554887609908
Junction_1153,42.377703346100056,13.014560775219815,42.377725,13.014549,AX_05958811,8C83FC05005AEC9B,42.37771417305002,13.014554887609908
Junction_1153,42.377703346100056,13.014560775219815,42.377762,13.01444,AX_05964601,8C83FC05005B0339,42.377732673050026,13.014500387609907
Junction_1153,42.377703346100056,13.014560775219815,42.377766,13.014436,AX_06550035,8C83FC050063F213,42.37773467305003,13.014498387609908
Junction_1153,42.377703346100056,13.014560775219815,42.37778,13.014451,AX_05958790,8C83FC05005AEC86,42.377741673050025,13.014505887609907
Junction_1151,42.37778158257386,13.014743950773138,42.377783,13.014766,AX_05959106,8C83FC05005AEDC2,42.377782291286934,13.01475497538657
Junction_1153,42.377703346100056,13.014560775219815,42.377784,13.014448,AX_05960018,8C83FC05005AF152,42.37774367305003,13.014504387609907
Junction_1749,42.37919697767773,13.014986009066353,42.37918,13.014938,AX_06550031,8C83FC050063F20F,42.379188488838864,13.014962004533178
Junction_2229,42.37932234360801,13.014971950928128,42.379341,13.01498,AX_05964712,8C83FC05005B03A8,42.379331671804,13.014975975464065
Junction_1750,42.379202713046325,13.015010955928702,42.379225,13.015027,AX_06557989,8C83FC0500641125,42.379213856523165,13.01501897796435
Junction_2685,42.37928911945337,13.015054967476463,42.37927,13.015051,AX_06557833,8C83FC0500641089,42.37927955972668,13.015052983738231
Junction_1755,42.379259117256,13.01510831679172,42.379276,13.01517,AX_06745489,8C83FC050066ED91,42.379267558628,13.01513915839586
Junction_2134,42.37921254872585,13.015362958772362,42.379342,13.015316,AX_06560407,8C83FC0500641A97,42.37927727436293,13.015339479386181
Junction_1747,42.37912161055691,13.015189942300267,42.378854,13.015339,AX_06560400,8C83FC0500641A90,42.378987805278456,13.015264471150134
Junction_1744,42.37929950172149,13.015502455084812,42.379434,13.015398,AX_05959643,8C83FC05005AEFDB,42.37936675086075,13.015450227542406
Junction_1693,42.37780136665281,13.01267131617485,42.37791,13.012648,AX_06746223,8C83FC050066F06F,42.3778556833264,13.012659658087426
Junction_1713,42.37876389227877,13.013526845317529,42.378541,13.013192,AX_05959974,8C83FC05005AF126,42.378652446139384,13.013359422658764
Junction_1705,42.37797087331661,13.013493149882775,42.37801,13.013287,AX_07365149,8C83FC050070621D,42.37799043665831,13.013390074941388
Junction_2040,42.378891337424115,13.01228334268611,42.378854,13.012137,AX_06558210,8C83FC0500641202,42.378872668712056,13.012210171343055
Junction_1700,42.37764727837552,13.012769193802418,42.377522,13.012737,AX_05960008,8C83FC05005AF148,42.37758463918776,13.012753096901209
Junction_2295,42.37786705004414,13.012056193244819,42.377743,13.012011,AX_06746076,8C83FC050066EFDC,42.37780502502207,13.012033596622409
Junction_1147,42.37744925909173,13.013077427480923,42.377364,13.012917,AX_05959943,8C83FC05005AF107,42.37740662954587,13.012997213740462
Junction_2307,42.37911038344205,13.0135233803047,42.379143,13.013402,AX_06550041,8C83FC050063F219,42.37912669172103,13.01346269015235
Junction_2308,42.37928360808847,13.013431091479053,42.379339,13.013308,AX_06746250,8C83FC050066F08A,42.379311304044236,13.013369545739526
Junction_2305,42.37890792829888,13.013965256733382,42.37901,13.013863,AX_06745407,8C83FC050066ED3F,42.37895896414944,13.013914128366691
Junction_2312,42.37900407472075,13.014753160709446,42.379024,13.014616,AX_06745970,8C83FC050066EF72,42.37901403736038,13.014684580354723
Junction_1650,42.379085818303984,13.014320102300852,42.379087,13.014311,AX_06558212,8C83FC0500641204,42.379086409151995,13.014315551150425
Junction_3549,42.37890155252144,13.01397920432622,42.379012,13.014033,AX_06550021,8C83FC050063F205,42.37895677626072,13.01400610216311
Junction_1657,42.37944894416285,13.01347394238422,42.379446,13.013562,AX_05959647,8C83FC05005AEFDF,42.379447472081424,13.01351797119211
Junction_1717,42.37928563153313,13.01347006346083,42.379197,13.013483,AX_05959661,8C83FC05005AEFED,42.37924131576656,13.013476531730415
Junction_2132,42.37933551427333,13.013471008965272,42.379326,13.013435,AX_05959667,8C83FC05005AEFF3,42.379330757136664,13.013453004482635
Junction_1650,42.379085818303984,13.014320102300852,42.379086,13.014302,AX_06550430,8C83FC050063F39E,42.379085909151996,13.014311051150425
Junction_1151,42.37778158257386,13.014743950773138,42.377825,13.014678,AX_05958792,8C83FC05005AEC88,42.37780329128693,13.014710975386569
Junction_1153,42.377703346100056,13.014560775219815,42.378052,13.014409,AX_05959757,8C83FC05005AF04D,42.37787767305002,13.014484887609907
Junction_2224,42.378787039138786,13.014233523952583,42.378333,13.014344,AX_05964399,8C83FC05005B026F,42.37856001956939,13.014288761976292
Junction_1153,42.377703346100056,13.014560775219815,42.378216,13.014303,AX_06550019,8C83FC050063F203,42.37795967305003,13.014431887609907
Junction_2216,42.37652175929414,13.014196991068431,42.376041,13.014053,AX_06549964,8C83FC050063F1CC,42.37628137964707,13.014124995534216
Junction_1156,42.377392130661455,13.014578646337212,42.37702,13.014963,AX_06549963,8C83FC050063F1CB,42.377206065330725,13.014770823168606
Junction_1156,42.377392130661455,13.014578646337212,42.37735,13.014712,AX_06549983,8C83FC050063F1DF,42.37737106533073,13.014645323168605
Junction_2688,42.377314876409955,13.0144430201366,42.377372,13.014483,AX_06549970,8C83FC050063F1D2,42.377343438204974,13.014463010068301
Junction_1669,42.37794924125794,13.01093237073812,42.377824,13.010997,AX_05959948,8C83FC05005AF10C,42.37788662062897,13.01096468536906
Junction_1678,42.37786567213076,13.010851302436539,42.377831,13.010964,AX_06550029,8C83FC050063F20D,42.377848336065384,13.010907651218268
Junction_1678,42.37786567213076,13.010851302436539,42.377861,13.010897,AX_05964598,8C83FC05005B0336,42.37786333606538,13.01087415121827
Junction_1678,42.37786567213076,13.010851302436539,42.377887,13.010857,AX_05959966,8C83FC05005AF11E,42.377876336065384,13.010854151218268
Junction_2666,42.3779563648932,13.011060090488119,42.377907,13.011055,AX_06550010,8C83FC050063F1FA,42.3779316824466,13.01105754524406
Junction_2299,42.37795947880568,13.010862876003474,42.378045,13.01084,AX_05964355,8C83FC05005B0243,42.37800223940284,13.010851438001737
Junction_1665,42.37822417790383,13.010963800463367,42.378271,13.011005,AX_05959939,8C83FC05005AF103,42.378247588951915,13.010984400231685
Junction_1686,42.37788438710007,13.011430525225748,42.377915,13.011386,AX_05959940,8C83FC05005AF104,42.377899693550034,13.011408262612875
Junction_1685,42.377828966425604,13.011455002926269,42.377653,13.011397,AX_05960012,8C83FC05005AF14C,42.3777409832128,13.011426001463136
Junction_1685,42.377828966425604,13.011455002926269,42.377837,13.011441,AX_05959965,8C83FC05005AF11D,42.3778329832128,13.011448001463133
Junction_1674,42.37787879376478,13.01065121610677,42.377677,13.010595,AX_06557821,8C83FC050064107D,42.37777789688239,13.010623108053384
Junction_1674,42.37787879376478,13.01065121610677,42.377715,13.010629,AX_05959946,8C83FC05005AF10A,42.37779689688239,13.010640108053384
Junction_2377,42.38570328917018,13.010566676239222,42.385709,13.010576,AX_06550040,8C83FC050063F218,42.385706144585086,13.010571338119611
Junction_2377,42.38570328917018,13.010566676239222,42.38576,13.010593,AX_06745728,8C83FC050066EE80,42.38573164458509,13.010579838119611
Junction_1509,42.385832308402,13.010693828318422,42.385864,13.010668,AX_06232887,8C83FC05005F1B37,42.385848154201,13.010680914159211
Junction_1410,42.38594302537333,13.010647475028108,42.385918,13.010633,AX_06745904,8C83FC050066EF30,42.38593051268666,13.010640237514053
Junction_1538,42.38567689330111,13.010942801681658,42.385721,13.010952,AX_06745698,8C83FC050066EE62,42.38569894665055,13.010947400840829
Junction_2341,42.38572163601223,13.011313394504858,42.385719,13.011327,AX_06232937,8C83FC05005F1B69,42.385720318006115,13.011320197252429
Junction_2384,42.38546626304454,13.010256198785342,42.385468,13.010287,AX_06745966,8C83FC050066EF6E,42.385467131522276,13.01027159939267
Junction_1950,42.38543733782483,13.010301497291666,42.385428,13.010329,AX_06232891,8C83FC05005F1B3B,42.385432668912415,13.010315248645833
Junction_1406,42.385598722039745,13.010486531495065,42.38554,13.010431,AX_06745375,8C83FC050066ED1F,42.385569361019876,13.010458765747533
Junction_2384,42.38546626304454,13.010256198785342,42.385468,13.010276,AX_06745378,8C83FC050066ED22,42.385467131522276,13.01026609939267
Junction_1540,42.38556138305804,13.010826940727624,42.385598,13.010843,AX_06745763,8C83FC050066EEA3,42.38557969152902,13.010834970363812
Junction_1404,42.38555865634369,13.010537901622419,42.385485,13.010453,AX_06233156,8C83FC05005F1C44,42.385521828171846,13.01049545081121
Junction_1505,42.38558121334983,13.011139011942584,42.385538,13.011151,AX_07364473,8C83FC0500705F79,42.38555960667492,13.011145005971292
Junction_1572,42.38567532536351,13.010178978515334,42.38558,13.010086,AX_06549976,8C83FC050063F1D8,42.385627662681756,13.010132489257668
Junction_1572,42.38567532536351,13.010178978515334,42.385622,13.010131,AX_06745930,8C83FC050066EF4A,42.38564866268175,13.010154989257668
Junction_2383,42.3854820891645,13.010209263564983,42.385463,13.010136,AX_06745394,8C83FC050066ED32,42.38547254458225,13.010172631782492
Junction_2383,42.3854820891645,13.010209263564983,42.385521,13.010154,AX_06745373,8C83FC050066ED1D,42.38550154458225,13.01018163178249
Junction_2383,42.3854820891645,13.010209263564983,42.385515,13.010154,AX_06745379,8C83FC050066ED23,42.38549854458225,13.01018163178249
Junction_2383,42.3854820891645,13.010209263564983,42.385526,13.010155,AX_06231705,8C83FC05005F1699,42.38550404458225,13.010182131782491
Junction_2383,42.3854820891645,13.010209263564983,42.385526,13.010156,AX_06560577,8C83FC0500641B41,42.38550404458225,13.010182631782492
Junction_1572,42.38567532536351,13.010178978515334,42.385677,13.010158,AX_06745922,8C83FC050066EF42,42.385676162681754,13.010168489257667
Junction_2383,42.3854820891645,13.010209263564983,42.385526,13.010158,AX_06745395,8C83FC050066ED33,42.38550404458225,13.010183631782493
Junction_1977,42.385825367371844,13.009904870742625,42.385863,13.009908,AX_06558117,8C83FC05006411A5,42.38584418368592,13.009906435371313
Junction_3485,42.385291471894796,13.010359395160334,42.385289,13.010367,AX_06745508,8C83FC050066EDA4,42.385290235947394,13.010363197580167
Junction_3485,42.385291471894796,13.010359395160334,42.385293,13.010365,AX_06745961,8C83FC050066EF69,42.3852922359474,13.010362197580168
Junction_3485,42.385291471894796,13.010359395160334,42.385293,13.010365,AX_06232795,8C83FC05005F1ADB,42.3852922359474,13.010362197580168
Junction_3485,42.385291471894796,13.010359395160334,42.385296,13.010375,AX_06745770,8C83FC050066EEAA,42.3852937359474,13.010367197580166
Junction_1575,42.38528802492362,13.010114486408673,42.385305,13.010085,AX_06745374,8C83FC050066ED1E,42.38529651246181,13.010099743204336
Junction_2336,42.38532170256824,13.01035319196414,42.385354,13.010338,AX_06557910,8C83FC05006410D6,42.38533785128412,13.01034559598207
Junction_2336,42.38532170256824,13.01035319196414,42.385362,13.010344,AX_06745509,8C83FC050066EDA5,42.385341851284124,13.01034859598207
Junction_2220,42.37874628776506,13.010996552593394,42.378748,13.011392,AX_05959968,8C83FC05005AF120,42.378747143882535,13.011194276296697
Junction_2220,42.37874628776506,13.010996552593394,42.378748,13.011392,AX_05959738,8C83FC05005AF03A,42.378747143882535,13.011194276296697
Junction_2220,42.37874628776506,13.010996552593394,42.378748,13.011392,AX_05959942,8C83FC05005AF106,42.378747143882535,13.011194276296697
Junction_2220,42.37874628776506,13.010996552593394,42.378748,13.011392,AX_05960003,8C83FC05005AF143,42.378747143882535,13.011194276296697
Junction_2220,42.37874628776506,13.010996552593394,42.378748,13.011392,AX_05958812,8C83FC05005AEC9C,42.378747143882535,13.011194276296697
Junction_1921,42.37901175526127,13.010036619369759,42.378897,13.009491,AX_06745420,8C83FC050066ED4C,42.378954377630635,13.00976380968488
Junction_2220,42.37874628776506,13.010996552593394,42.378748,13.011392,AX_05959737,8C83FC05005AF039,42.378747143882535,13.011194276296697
Junction_1594,42.3849195126394,13.009651540199211,42.384987,13.009561,AX_06745376,8C83FC050066ED20,42.384953256319704,13.009606270099606
Junction_1596,42.38476920238034,13.009445166526113,42.384658,13.009571,AX_06745485,8C83FC050066ED8D,42.38471360119017,13.009508083263057
Junction_1589,42.385154736647536,13.009912193494873,42.385253,13.009888,AX_06745397,8C83FC050066ED35,42.38520386832377,13.009900096747437
Junction_2333,42.385174540937776,13.009993942163263,42.385164,13.009978,AX_06745505,8C83FC050066EDA1,42.38516927046889,13.009985971081631
Junction_2335,42.38520447938736,13.01002520076092,42.385357,13.009922,AX_06745571,8C83FC050066EDE3,42.385280739693684,13.009973600380459
Junction_2107,42.38461057589561,13.009238671744214,42.384599,13.009334,AX_06231350,8C83FC05005F1536,42.38460478794781,13.009286335872108
S_Madonnelle,42.383374271810396,13.009248644012269,42.381581,13.007793,AX_06745750,8C83FC050066EE96,42.3824776359052,13.008520822006133
S_Madonnelle,42.383374271810396,13.009248644012269,42.381581,13.007793,AX_06745692,8C83FC050066EE5C,42.3824776359052,13.008520822006133
Junction_1894,42.380745973233424,13.010191778103009,42.381154,13.008872,AX_06233162,8C83FC05005F1C4A,42.38094998661671,13.009531889051505
Junction_1894,42.380745973233424,13.010191778103009,42.380728,13.009952,AX_06745722,8C83FC050066EE7A,42.38073698661671,13.010071889051504
Junction_1894,42.380745973233424,13.010191778103009,42.380728,13.009952,AX_06233172,8C83FC05005F1C54,42.38073698661671,13.010071889051504
Junction_1906,42.379888879750744,13.00978971308369,42.380467,13.009592,AX_06745547,8C83FC050066EDCB,42.380177939875374,13.009690856541845
Junction_1312,42.378968890211056,13.005986423227768,42.378864,13.006026,AX_06557909,8C83FC05006410D5,42.37891644510553,13.006006211613883
Junction_1312,42.378968890211056,13.005986423227768,42.378923,13.005975,AX_06231964,8C83FC05005F179C,42.37894594510553,13.005980711613883
Junction_1312,42.378968890211056,13.005986423227768,42.378957,13.005959,AX_06231169,8C83FC05005F1481,42.37896294510553,13.005972711613884
Junction_1310,42.37900517868884,13.0060531655532,42.378996,13.006021,AX_06745473,8C83FC050066ED81,42.37900058934442,13.0060370827766
Junction_2527,42.37900790121407,13.00605817284958,42.379018,13.006101,AX_06231156,8C83FC05005F1474,42.379012950607034,13.00607958642479
Junction_2527,42.37900790121407,13.00605817284958,42.379037,13.006089,AX_06745418,8C83FC050066ED4A,42.37902245060703,13.00607358642479
Junction_2665,42.37912910480557,13.006177984884099,42.379198,13.006115,AX_06745967,8C83FC050066EF6F,42.37916355240279,13.00614649244205
Junction_1273,42.378353750553,13.006281541795246,42.378444,13.006174,AX_05960001,8C83FC05005AF141,42.3783988752765,13.006227770897624
Junction_1273,42.378353750553,13.006281541795246,42.378589,13.006072,AX_06557903,8C83FC05006410CF,42.378471375276504,13.006176770897623
Junction_1307,42.3788901599274,13.005829585193462,42.378637,13.005953,AX_06745421,8C83FC050066ED4D,42.3787635799637,13.005891292596731
Junction_1309,42.37887754056063,13.005796840334604,42.378732,13.005767,AX_06745497,8C83FC050066ED99,42.37880477028031,13.005781920167301
Junction_1273,42.378353750553,13.006281541795246,42.378285,13.006055,AX_05960004,8C83FC05005AF144,42.378319375276504,13.006168270897623
Junction_1323,42.3786037978202,13.005228569261131,42.378614,13.005229,AX_06558214,8C83FC0500641206,42.3786088989101,13.005228784630566
Junction_1327,42.37866176645841,13.005315153158536,42.378678,13.005252,AX_06745471,8C83FC050066ED7F,42.37866988322921,13.005283576579268
Junction_1326,42.37858554235022,13.005264047429987,42.37855,13.005355,AX_06745492,8C83FC050066ED94,42.37856777117511,13.005309523714994
Junction_1326,42.37858554235022,13.005264047429987,42.378412,13.005366,AX_06745476,8C83FC050066ED84,42.37849877117511,13.005315023714994
Junction_1326,42.37858554235022,13.005264047429987,42.378502,13.005409,AX_06558055,8C83FC0500641167,42.37854377117511,13.005336523714995
Junction_1332,42.37868354135714,13.005445263278174,42.378685,13.005443,AX_06745413,8C83FC050066ED45,42.37868427067857,13.005444131639088
Junction_1332,42.37868354135714,13.005445263278174,42.378414,13.005485,AX_06745405,8C83FC050066ED3D,42.37854877067857,13.005465131639088
Junction_1334,42.37872965152309,13.005534859924936,42.378772,13.005636,AX_06745417,8C83FC050066ED49,42.37875082576154,13.00558542996247
Junction_1332,42.37868354135714,13.005445263278174,42.378644,13.005461,AX_06745748,8C83FC050066EE94,42.37866377067857,13.005453131639086
Junction_2853,42.37444029159556,13.003906758109439,42.374407,13.003791,AX_05964354,8C83FC05005B0242,42.374423645797776,13.003848879054718
Junction_1227,42.37441496502781,13.003443358437167,42.374491,13.003462,AX_06745749,8C83FC050066EE95,42.3744529825139,13.003452679218583
Junction_1231,42.37463083495138,13.003491936879504,42.374645,13.003451,AX_06746103,8C83FC050066EFF7,42.374637917475695,13.003471468439752
Junction_1231,42.37463083495138,13.003491936879504,42.374815,13.003486,AX_06557915,8C83FC05006410DB,42.374722917475694,13.003488968439752
Junction_1201,42.37500397978048,13.003693125013177,42.375026,13.003694,AX_06560401,8C83FC0500641A91,42.37501498989024,13.003693562506587
Junction_1204,42.37521565573455,13.003741987749187,42.375186,13.00384,AX_06558124,8C83FC05006411AC,42.375200827867275,13.003790993874594
Junction_2854,42.37547293134034,13.00349112525256,42.375321,13.003434,AX_05959735,8C83FC05005AF037,42.37539696567017,13.00346256262628
Junction_1227,42.37441496502781,13.003443358437167,42.374402,13.003488,AX_06746287,8C83FC050066F0AF,42.37440848251391,13.003465679218584
Junction_1225,42.37435473135784,13.003455953624332,42.374381,13.003578,AX_06746307,8C83FC050066F0C3,42.37436786567892,13.003516976812165
Junction_1214,42.37207863101566,13.001897357970444,42.37214,13.00187,AX_06745569,8C83FC050066EDE1,42.37210931550783,13.001883678985223
Junction_1217,42.37254993150893,13.00222314926359,42.372529,13.002306,AX_06558203,8C83FC05006411FB,42.372539465754464,13.002264574631795
Junction_1218,42.37268159373801,13.00230703393244,42.372671,13.002465,AX_06745545,8C83FC050066EDC9,42.372676296869,13.00238601696622
Junction_1220,42.373471920847116,13.002802311375268,42.373263,13.003358,AX_06558208,8C83FC0500641200,42.37336746042356,13.003080155687634
Junction_1218,42.37268159373801,13.00230703393244,42.373011,13.002499,AX_05959803,8C83FC05005AF07B,42.372846296869,13.00240301696622
Junction_1220,42.373471920847116,13.002802311375268,42.373585,13.002892,AX_06745724,8C83FC050066EE7C,42.37352846042356,13.002847155687633
Junction_1229,42.373876093718216,13.003066242656784,42.373894,13.002904,AX_06745927,8C83FC050066EF47,42.37388504685911,13.002985121328392
Junction_1222,42.3741125630254,13.003264635297008,42.374011,13.003219,AX_06746104,8C83FC050066EFF8,42.3740617815127,13.003241817648505
Junction_1222,42.3741125630254,13.003264635297008,42.374069,13.00327,AX_05959772,8C83FC05005AF05C,42.3740907815127,13.003267317648504
Junction_1223,42.374141156383345,13.003193278438085,42.374219,13.003207,AX_05960000,8C83FC05005AF140,42.37418007819167,13.003200139219043
Junction_1223,42.374141156383345,13.003193278438085,42.374511,13.003008,AX_05964381,8C83FC05005B025D,42.37432607819167,13.003100639219042
Junction_2208,42.374546656421856,13.002284201948255,42.374613,13.002192,AX_05959941,8C83FC05005AF105,42.374579828210926,13.002238100974129
Junction_1224,42.37436232793093,13.003401484819138,42.374323,13.003293,AX_06558213,8C83FC0500641205,42.374342663965464,13.003347242409568
Junction_1231,42.37463083495138,13.003491936879504,42.374935,13.00305,AX_06561741,8C83FC0500641FCD,42.37478291747569,13.003270968439752
Junction_1259,42.37667472155094,13.004154233531377,42.376729,13.004212,AX_06745591,8C83FC050066EDF7,42.37670186077547,13.004183116765688
Junction_1263,42.377051221809594,13.004199705293097,42.377072,13.004226,AX_05959130,8C83FC05005AEDDA,42.377061610904796,13.004212852646548
Junction_1263,42.377051221809594,13.004199705293097,42.377028,13.004347,AX_06745588,8C83FC050066EDF4,42.3770396109048,13.004273352646548
Junction_2793,42.377416056784405,13.004374296166196,42.377381,13.004398,AX_05959999,8C83FC05005AF13F,42.377398528392206,13.004386148083098
Junction_2793,42.377416056784405,13.004374296166196,42.377324,13.004414,AX_06745731,8C83FC050066EE83,42.37737002839221,13.004394148083097
Junction_2793,42.377416056784405,13.004374296166196,42.377328,13.004424,AX_05959776,8C83FC05005AF060,42.3773720283922,13.004399148083099
Junction_1268,42.37726792750521,13.004307225543831,42.37719,13.004493,AX_05959129,8C83FC05005AEDD9,42.3772289637526,13.004400112771915
Junction_1521,42.37754384670377,13.004572536749848,42.377521,13.004687,AX_05958815,8C83FC05005AEC9F,42.37753242335189,13.004629768374924
Junction_1269,42.37763870878155,13.004851868909226,42.377594,13.004885,AX_06231155,8C83FC05005F1473,42.377616354390774,13.004868434454613
Junction_1271,42.37760189127923,13.004784816512345,42.377607,13.004788,AX_06745408,8C83FC050066ED40,42.37760444563961,13.004786408256173
Junction_1523,42.3778160914993,13.005290326403175,42.377926,13.005113,AX_06557925,8C83FC05006410E5,42.37787104574965,13.005201663201587
Junction_2287,42.37832214331869,13.004779148223033,42.378103,13.004821,AX_05964662,8C83FC05005B0376,42.37821257165935,13.004800074111516
Junction_2287,42.37832214331869,13.004779148223033,42.378138,13.004896,AX_06745472,8C83FC050066ED80,42.378230071659345,13.004837574111516
Junction_2662,42.377447995138255,13.004457951327433,42.377396,13.004506,AX_05960005,8C83FC05005AF145,42.37742199756913,13.004481975663715
Junction_1281,42.37838598024985,13.00431951047602,42.378371,13.004255,AX_05959605,8C83FC05005AEFB5,42.37837849012493,13.00428725523801
Junction_1314,42.378400358540475,13.004838729818221,42.378402,13.004805,AX_06745498,8C83FC050066ED9A,42.37840117927024,13.004821864909111
Junction_2118,42.37850569722006,13.004573727314803,42.3785,13.004705,AX_05964555,8C83FC05005B030B,42.378502848610026,13.0046393636574
Junction_1317,42.37847779966301,13.004869254793402,42.378548,13.00484,AX_06745723,8C83FC050066EE7B,42.378512899831506,13.0048546273967
Junction_2288,42.37859198376785,13.005160258772817,42.378888,13.004913,AX_07364471,8C83FC0500705F77,42.378739991883926,13.005036629386408
Junction_1164,42.37748467152536,13.00366396924962,42.377611,13.003649,AX_06745486,8C83FC050066ED8E,42.377547835762684,13.003656484624809
Junction_2885,42.37791970818898,13.004066260386832,42.377877,13.004021,AX_07365065,8C83FC05007061C9,42.37789835409449,13.004043630193415
Junction_2116,42.37824324653875,13.004068823135347,42.378258,13.004059,AX_06558204,8C83FC05006411FC,42.37825062326938,13.004063911567673
Junction_2118,42.37850569722006,13.004573727314803,42.378552,13.004534,AX_06745694,8C83FC050066EE5E,42.37852884861003,13.004553863657401
Junction_2268,42.377087332746086,13.002538627948978,42.37761,13.002673,AX_06745500,8C83FC050066ED9C,42.37734866637304,13.002605813974489
Junction_2207,42.378603424652084,13.003730748318919,42.378516,13.003698,AX_06561762,8C83FC0500641FE2,42.37855971232604,13.00371437415946
Junction_2113,42.377454323219844,13.00368673982603,42.377377,13.003557,AX_06745771,8C83FC050066EEAB,42.37741566160992,13.003621869913015
Junction_2885,42.37791970818898,13.004066260386832,42.377858,13.003948,AX_05960006,8C83FC05005AF146,42.37788885409449,13.004007130193415
Junction_2887,42.37793444305963,13.004091980416936,42.377935,13.004101,AX_06746389,8C83FC050066F115,42.37793472152981,13.004096490208468
Junction_1194,42.376717183117016,13.000117397361404,42.376796,13.000048,AX_06549991,8C83FC050063F1E7,42.376756591558504,13.000082698680702
Junction_1190,42.37671323657613,13.000684907822661,42.376824,13.000717,AX_06745488,8C83FC050066ED90,42.37676861828807,13.00070095391133
Junction_2280,42.376653516749144,13.001303214945143,42.376419,13.001168,AX_06745510,8C83FC050066EDA6,42.37653625837457,13.001235607472571
Junction_1168,42.376724063080864,13.00165917441933,42.376717,13.001693,AX_06745482,8C83FC050066ED8A,42.37672053154043,13.001676087209665
Junction_1184,42.37719084896551,13.001728304356169,42.377045,13.001701,AX_06560386,8C83FC0500641A82,42.37711792448276,13.001714652178084
Junction_1179,42.376897179897206,13.00211413347459,42.376932,13.002098,AX_06745411,8C83FC050066ED43,42.3769145899486,13.002106066737294
Junction_1194,42.376717183117016,13.000117397361404,42.376785,13.00013,AX_06233176,8C83FC05005F1C58,42.3767510915585,13.000123698680703
Junction_1183,42.377141892661115,13.002042428628378,42.377197,13.00204,AX_06558072,8C83FC0500641178,42.377169446330555,13.00204121431419
Junction_2529,42.37706000821361,13.002455353285423,42.377071,13.002467,AX_06745502,8C83FC050066ED9E,42.37706550410681,13.002461176642711
Junction_1249,42.3764482906784,13.004637115398452,42.37646,13.004675,AX_06745474,8C83FC050066ED82,42.376454145339196,13.004656057699226
Junction_2213,42.376160972359635,13.006534752795625,42.37661,13.007264,AX_05959639,8C83FC05005AEFD7,42.376385486179814,13.006899376397811
Junction_1251,42.37649215223966,13.004471718304933,42.376619,13.004489,AX_06745477,8C83FC050066ED85,42.37655557611983,13.004480359152467
Junction_1259,42.37667472155094,13.004154233531377,42.376668,13.0042,AX_06745589,8C83FC050066EDF5,42.376671360775475,13.004177116765689
Junction_1241,42.37633015671977,13.005666720100631,42.376335,13.005613,AX_06745479,8C83FC050066ED87,42.37633257835988,13.005639860050316
Junction_2658,42.375743518365276,13.00383875654699,42.37576,13.003769,AX_05959107,8C83FC05005AEDC3,42.375751759182634,13.003803878273494
Junction_2658,42.375743518365276,13.00383875654699,42.37583,13.0038,AX_06746102,8C83FC050066EFF6,42.37578675918264,13.003819378273494
Junction_2654,42.37565577206354,13.003799851552625,42.375651,13.003822,AX_06746230,8C83FC050066F076,42.37565338603177,13.003810925776312
Junction_2660,42.375961183326005,13.003955208085996,42.375953,13.003962,AX_05959137,8C83FC05005AEDE1,42.375957091663004,13.003958604042998
Junction_1994,42.37607078590721,13.004042356761266,42.376025,13.004056,AX_06745565,8C83FC050066EDDD,42.37604789295361,13.004049178380633
Junction_1994,42.37607078590721,13.004042356761266,42.376032,13.004064,AX_06746123,8C83FC050066F00B,42.376051392953606,13.004053178380634
Junction_2821,42.37641735320561,12.99805127169208,42.375221,12.997354,AX_06560403,8C83FC0500641A93,42.3758191766028,12.99770263584604
Junction_2821,42.37641735320561,12.99805127169208,42.376346,12.998162,AX_05959108,8C83FC05005AEDC4,42.376381676602804,12.99810663584604
Junction_1198,42.376547508817175,12.998796172651494,42.376509,12.998889,AX_06549987,8C83FC050063F1E3,42.37652825440858,12.998842586325747
Junction_1198,42.376547508817175,12.998796172651494,42.376544,12.998798,AX_05959101,8C83FC05005AEDBD,42.37654575440859,12.998797086325748
Junction_1198,42.376547508817175,12.998796172651494,42.377475,12.998793,AX_05959955,8C83FC05005AF113,42.377011254408586,12.998794586325747
Junction_1198,42.376547508817175,12.998796172651494,42.377475,12.998793,AX_05959736,8C83FC05005AF038,42.377011254408586,12.998794586325747
Junction_1615,42.38199856055065,13.015357560923691,42.382182,13.015712,AX_06558215,8C83FC0500641207,42.38209028027532,13.015534780461845
Junction_1615,42.38199856055065,13.015357560923691,42.382484,13.015712,AX_05959756,8C83FC05005AF04C,42.38224128027532,13.015534780461845
Junction_1615,42.38199856055065,13.015357560923691,42.382484,13.015712,AX_06231166,8C83FC05005F147E,42.38224128027532,13.015534780461845
Junction_1615,42.38199856055065,13.015357560923691,42.382484,13.015712,AX_05959663,8C83FC05005AEFEF,42.38224128027532,13.015534780461845
Junction_1615,42.38199856055065,13.015357560923691,42.382484,13.015712,AX_05959135,8C83FC05005AEDDF,42.38224128027532,13.015534780461845
Junction_1615,42.38199856055065,13.015357560923691,42.382484,13.015712,AX_06746251,8C83FC050066F08B,42.38224128027532,13.015534780461845
Junction_1615,42.38199856055065,13.015357560923691,42.382484,13.015712,AX_06745416,8C83FC050066ED48,42.38224128027532,13.015534780461845
Junction_1615,42.38199856055065,13.015357560923691,42.382182,13.015712,AX_06558060,8C83FC050064116C,42.38209028027532,13.015534780461845
Junction_1615,42.38199856055065,13.015357560923691,42.382182,13.015712,AX_06557846,8C83FC0500641096,42.38209028027532,13.015534780461845
Junction_1615,42.38199856055065,13.015357560923691,42.382182,13.015712,AX_06550025,8C83FC050063F209,42.38209028027532,13.015534780461845
Junction_1615,42.38199856055065,13.015357560923691,42.382182,13.015712,AX_05964642,8C83FC05005B0362,42.38209028027532,13.015534780461845
Junction_1615,42.38199856055065,13.015357560923691,42.382182,13.015712,AX_06557866,8C83FC05006410AA,42.38209028027532,13.015534780461845
Junction_1613,42.38206050638533,13.015263128046962,42.382157,13.015247,AX_06746249,8C83FC050066F089,42.38210875319267,13.015255064023481
Junction_1613,42.38206050638533,13.015263128046962,42.382223,13.015352,AX_05964344,8C83FC05005B0238,42.38214175319267,13.01530756402348
Junction_1626,42.381550490024935,13.01473446680589,42.381579,13.014756,AX_07365204,8C83FC0500706254,42.38156474501247,13.014745233402945
Junction_2327,42.381753113110484,13.015071208639446,42.381739,13.015119,AX_05960023,8C83FC05005AF157,42.381746056555244,13.015095104319723
Junction_2327,42.381753113110484,13.015071208639446,42.381742,13.015116,AX_05960081,8C83FC05005AF191,42.38174755655524,13.015093604319723
Junction_3516,42.38176207785789,13.015046860666184,42.381775,13.015054,AX_05960021,8C83FC05005AF155,42.381768538928945,13.01505043033309
Junction_2324,42.38148557320325,13.014596968278305,42.381476,13.014577,AX_05959645,8C83FC05005AEFDD,42.38148078660163,13.014586984139152
Junction_1615,42.38199856055065,13.015357560923691,42.381913,13.015328,AX_06746225,8C83FC050066F071,42.38195578027532,13.015342780461847
Junction_2330,42.38189491155352,13.015238353641125,42.381791,13.015318,AX_06746248,8C83FC050066F088,42.38184295577676,13.015278176820562
Junction_1615,42.38199856055065,13.015357560923691,42.381901,13.015425,AX_05960064,8C83FC05005AF180,42.38194978027532,13.015391280461845
